Human_Entrez_ID	Evo_Age_Group
1742	G3
815	G3
9118	G5
6711	G2
816	G3
1740	G2
2904	G3
4905	G1
2902	G2
10458	G3
8927	G3
6854	G3
291	G2
4741	G5
1741	G3
9456	G3
2752	G1
2891	G4
8831	G3
5413	G4
4747	G3
50944	G5
1267	G4
11113	G2
5339	G3
6853	G3
2890	G3
3312	G2
2782	G1
9229	G3
5582	G3
4130	G4
2746	G2
226	G2
87	G3
1213	G1
548596	G3
2903	G3
160	G3
4644	G1
6857	G2
817	G2
2775	G2
1501	G2
85358	G3
1739	G2
2597	G1
80725	G3
6812	G2
5354	G4
2892	G2
1759	G2
22895	G2
118	G2
5499	G1
11346	G5
8997	G4
830	G1
57554	G3
22941	G3
1499	G2
4155	G3
832	G1
1917	G2
10989	G2
4133	G4
523	G1
478	G2
4340	G4
1808	G4
26999	G2
84687	G3
989	G1
7534	G2
22999	G3
5813	G3
1778	G1
287	G4
4628	G2
5518	G1
9922	G3
23096	G3
4131	G5
29767	G3
119	G3
7419	G3
7417	G1
2697	G3
11331	G1
79751	G2
1072	G5
81855	G2
526	G1
498	G1
7846	G2
7416	G3
81	G1
818	G3
23136	G3
56899	G3
163	G3
4627	G1
7533	G3
5501	G1
7529	G3
161	G1
23114	G3
4744	G4
1627	G3
23499	G5
8936	G3
1496	G2
7143	G3
3326	G1
3983	G3
10971	G3
5879	G2
9211	G3
1400	G3
5577	G3
292	G3
27445	G3
4191	G1
1173	G1
399687	G2
5214	G1
5245	G1
2670	G3
6616	G2
230	G2
506	G1
4637	G2
2550	G2
3309	G1
477	G1
6506	G2
9114	G1
10383	G1
5250	G2
481	G2
88	G3
476	G3
10093	G1
9201	G2
4135	G3
1272	G3
57524	G5
8867	G2
1000	G3
22866	G3
7531	G1
6507	G2
5478	G1
7532	G4
10787	G2
9228	G3
5579	G1
5530	G1
5594	G1
2893	G4
6188	G1
7385	G2
8802	G1
38	G1
8508	G1
2781	G3
63827	G3
4719	G1
8604	G1
5213	G2
7001	G1
6136	G1
22839	G3
1654	G2
3796	G2
6709	G2
10109	G1
11076	G2
1639	G2
1915	G3
10243	G1
11069	G2
116986	G3
1938	G2
5802	G3
23312	G2
288	G2
23122	G2
8506	G3
3313	G1
10006	G3
28964	G3
50488	G5
10294	G1
2036	G4
23025	G2
23788	G2
22859	G3
7167	G1
4137	G4
23157	G2
6202	G1
6900	G3
23176	G3
535	G1
529	G1
391	G3
10097	G1
3098	G1
2011	G3
1152	G3
1404	G3
5052	G3
7170	G3
259217	G4
140735	G1
7070	G4
2554	G3
8803	G1
112755	G3
6804	G1
8655	G5
23085	G3
162	G2
3301	G3
29114	G2
221692	G3
5864	G3
57596	G3
4684	G2
3329	G1
8470	G3
57555	G2
5093	G5
9568	G2
57468	G3
23236	G2
79012	G3
7082	G3
781	G3
2932	G2
55752	G2
8473	G2
5138	G2
63908	G3
8541	G3
4735	G2
55964	G3
26059	G3
10094	G1
4355	G3
1463	G5
23345	G3
9378	G2
23237	G4
23335	G2
26052	G3
6252	G3
58512	G3
53616	G3
2783	G2
2806	G1
3728	G3
6175	G1
6130	G1
6844	G2
257194	G2
509	G1
4722	G1
286	G3
1431	G1
84448	G3
2596	G4
1462	G5
2771	G1
5479	G1
7345	G3
8825	G3
29993	G3
1653	G2
528	G1
54332	G2
1537	G1
5160	G1
4704	G1
4697	G3
10096	G1
80863	G5
79784	G5
3897	G3
5223	G2
6124	G1
3419	G1
5211	G1
7277	G1
6710	G4
51606	G2
7086	G3
84303	G3
1937	G1
488	G3
1737	G1
5500	G2
10369	G3
11034	G4
1540	G2
3845	G2
10121	G2
23154	G2
9829	G3
10570	G5
8671	G1
10890	G2
60	G2
8514	G3
10580	G4
729956	G3
2934	G1
10409	G5
5814	G3
1785	G3
23603	G1
7317	G1
6456	G1
5578	G2
2913	G2
58513	G2
5581	G1
192111	G2
1500	G3
5297	G2
9218	G3
6128	G2
4736	G1
4646	G2
3927	G2
9900	G3
10439	G4
2664	G1
2023	G1
50	G1
1175	G1
6135	G1
8613	G3
55915	G1
3945	G3
6132	G1
5094	G3
2820	G1
50863	G2
3030	G2
10681	G1
10313	G5
22948	G1
8774	G2
78997	G3
10211	G2
120	G3
2631	G2
57142	G4
908	G1
10314	G2
5064	G3
7384	G2
273	G2
9143	G3
4720	G1
491	G1
10381	G4
23362	G3
8402	G1
2776	G3
8078	G2
5162	G1
6624	G3
7284	G1
482	G2
54927	G3
7447	G3
6950	G1
5803	G3
2026	G1
156	G4
1738	G1
1666	G3
1607	G2
2823	G2
10982	G4
7168	G2
577	G3
1457	G1
7431	G3
23191	G2
274	G3
7461	G3
80728	G3
150726	G3
54413	G2
26232	G3
2017	G2
10575	G1
9892	G3
9793	G2
3800	G3
22848	G4
9181	G3
26986	G2
4976	G2
8573	G2
10694	G1
1487	G2
55607	G3
8502	G3
27020	G3
777	G3
801	G1
3799	G1
3737	G3
84251	G3
10049	G2
10165	G4
9045	G1
22924	G4
1650	G2
94081	G2
94097	G1
6208	G1
6189	G2
6133	G1
4134	G5
116988	G4
6156	G1
10529	G5
6129	G1
93185	G3
10808	G1
286205	G2
10382	G2
22979	G2
549	G2
25824	G1
5414	G1
10476	G2
10552	G1
9217	G2
2821	G1
51382	G1
4967	G1
4723	G1
10540	G2
10574	G1
3306	G4
5315	G1
9369	
1780	G3
8775	G1
10801	G1
539	G1
3032	G2
6184	G2
57030	G2
47	G1
8745	G3
3708	G2
51143	G3
9868	G1
55737	G1
27044	G1
10576	G1
51517	G3
23305	G3
2185	G4
55210	G2
5604	G1
4705	G2
4729	G1
5898	G2
84833	G5
51286	G5
490	G3
51097	G1
11151	G3
51164	G2
1974	G2
9475	G2
3778	G2
6453	G2
1191	G3
2898	G2
145773	G4
5906	G1
387104	G3
3320	G3
3190	G5
4763	G2
5058	G1
576	G4
7204	G2
7087	G5
7203	G1
25791	G2
84446	G3
998	G1
10059	G1
26960	G2
5573	G2
51552	G1
10399	G1
1020	G1
2915	G3
2037	G2
10056	G1
6712	G3
103910	G2
6223	G2
10368	G3
4884	G3
23349	G3
8537	G4
2879	G1
54205	G1
127833	G3
8396	G2
622	G1
4974	G4
9554	G1
5217	G3
348	G5
829	G2
6137	G1
51678	G2
9066	G3
5825	G2
6125	G1
23284	G3
6152	G1
1465	G3
3939	G2
10947	G2
6855	G3
4695	G2
10970	G4
3295	G1
7415	G1
2039	G3
2319	G2
6122	G1
4045	G2
3420	G1
9495	G5
3421	G2
26227	G1
22902	G3
60412	G2
1804	G3
2770	G2
2778	G2
6000	G2
55288	G2
7386	G1
7280	G2
54769	G2
1329	G3
9578	G3
4685	G3
55690	G3
10131	G2
3181	G4
1655	G1
2058	G1
6217	G1
134957	G2
6207	G1
203068	G2
6520	G5
3304	G1
6421	G3
8120	G1
347733	G2
10487	G1
515	G2
10672	G2
55379	G2
4715	G2
6714	G2
1936	G2
1743	G1
51144	G1
388419	G2
55177	G3
10391	G3
6543	G3
22824	G3
153090	G3
8874	G2
3895	G3
283638	G3
30011	G3
9455	G2
26037	G3
667	G2
8525	G2
5789	G2
10612	G3
9454	G3
9693	G3
5567	G1
6305	G3
2043	G2
5532	G1
29888	G3
3954	G1
4670	G5
3761	G3
3831	G2
773	G3
4035	G2
57584	G3
9253	G3
2911	G3
9615	G1
8239	G2
3265	G3
3837	G1
388	G4
83660	G2
5576	G1
2193	G1
9908	G3
10486	G1
493	G1
3921	G1
63916	G1
784	G3
1837	G3
9349	G1
84966	G3
575	G4
4099	G3
5091	G1
1453	G1
28988	G2
8618	G2
4259	G3
1809	G3
1795	G2
6185	G2
64601	G1
166614	G2
6193	G1
9694	G1
6194	G1
29	G2
8943	G1
26056	G5
8522	G3
5019	G1
6222	G1
1783	G2
6262	G2
1832	G3
22884	G2
7915	G1
56896	G1
6230	G2
7184	G2
55832	G2
9588	G1
9362	G5
5662	G3
8499	G2
133121	G2
56904	G2
5870	G2
4629	G3
57465	G2
79789	G5
9093	G1
4513	G1
1212	G3
4716	G2
6389	G1
682	G3
2194	G2
10273	G1
521	G6
51495	G2
5781	G2
534	G2
8224	G2
59283	G3
146691	G2
23265	G2
389813	G2
2744	G2
6558	G2
1012	G3
6169	G2
6143	G1
9551	G3
11021	G2
11345	G3
55847	G2
5834	G3
4714	G2
5878	G2
23396	G3
10768	G2
23770	G2
2534	G2
1327	G2
3069	G2
5305	G3
9131	G2
9796	G5
26047	G2
4701	G3
5708	G1
55750	G2
11336	G2
25813	G1
4726	G2
5910	G2
9377	G2
4710	G3
56922	G1
55735	G2
11311	G1
145567	G2
3706	G2
374291	G1
64087	G1
4702	G2
1345	G5
4301	G2
55914	G3
2906	G2
9890	G3
5230	G1
347730	G3
26115	G3
55740	G5
1008	G3
324	G3
440073	G3
782	G5
9912	G3
613	G3
10521	G2
785	G2
57512	G3
30845	G3
5595	G1
115207	G3
1495	G4
57528	G3
83992	G3
9520	G1
115827	G2
6155	G1
10152	G2
23504	G3
7334	G2
5861	G1
29110	G2
11315	G1
22911	G2
23332	G2
6801	G3
57609	G3
10160	G3
9948	G1
57175	G5
140885	G4
55605	G2
9927	G2
547	G2
9920	G3
5976	G1
57731	G5
6146	G1
5621	G5
6147	G2
6187	G1
6792	G3
55970	G3
6204	G1
6141	G1
6142	G1
308	G3
6861	G5
1454	G2
65082	G1
6203	G1
92521	G3
51299	G3
6139	G1
84617	G4
64130	G2
7187	G3
4140	G2
80758	G5
23521	G1
6134	G5
83988	G3
84364	G2
10120	G1
11194	G2
22933	G1
55763	G2
2027	G3
3028	G1
8079	G3
3371	G3
4713	G2
309	G2
6576	G1
4897	G2
57282	G3
10857	G1
203	G2
114787	G5
23092	G2
4430	G2
387	G1
375	G2
6205	G1
2788	G3
1397	G3
23673	G1
84896	G1
22931	G2
9145	G2
5792	G3
6513	G1
57470	G2
4129	G1
116987	G2
51079	G3
114794	G3
220296	G3
3208	G3
1756	G2
84557	G2
4190	G2
2923	G2
23787	G5
460	G3
23233	G1
7841	G1
9751	G3
26011	G3
2561	G3
9026	G3
23256	G1
57447	G3
57699	G2
93145	G3
1460	G1
10606	G2
480	G5
10640	G1
37	G2
4642	G2
1762	G3
6622	G4
126567	G3
81873	G3
1428	G1
5515	G1
10128	G2
10939	G1
1314	G1
27132	G3
56947	G3
4139	G3
57180	G4
10396	G2
5048	G1
3178	G4
5520	G3
513	G1
10935	G1
81609	G2
7381	G2
90550	G2
6191	G1
2785	G3
83787	G3
64837	G3
6529	G2
492	G1
3631	G2
2912	G3
3308	G1
5924	G2
4000	G2
27347	G3
4329	G1
4128	G5
4978	G2
1159	G3
55753	G3
26090	G1
91137	G2
22908	G1
4700	G2
10999	G2
3843	G1
9600	G4
6326	G2
1981	G4
9863	G2
5901	G1
51555	G3
8301	G2
821	G2
11178	G3
9743	G3
10484	G1
1452	G1
5862	G2
7879	G1
9901	G3
25927	G3
84823	G2
10142	G4
3736	G3
9462	G3
30968	G1
10963	G1
23043	G3
91584	G3
23327	G1
9859	G3
23077	G2
9782	G4
3192	G3
23162	G3
4001	G2
29966	G2
221061	G3
5912	G2
5566	G1
2314	G2
4842	G2
10755	G2
610	G3
284069	G3
5153	G4
114088	G2
57670	G3
3008	G5
23065	G2
10327	G1
54996	G5
4756	G2
5037	G2
5170	G2
79135	G3
59345	G4
92140	G3
31	G1
9699	G4
708	G2
55770	G2
3241	G2
5868	G2
9805	G4
445815	G5
128866	G1
22871	G3
12	G5
84293	G2
23426	G3
22874	G5
5911	G2
7316	G2
10840	G2
89	
166336	G3
80059	G3
11332	G3
9414	G3
8417	G2
10492	G3
2266	G3
2810	G4
5630	G3
3337	G1
3039	G4
27183	G2
149371	G2
11127	G2
2895	G3
2562	G2
1073	G1
9352	G1
4062	G5
25758	G3
22841	G3
11080	G2
51727	G1
5361	G3
55611	G1
5700	G1
6234	G1
5010	G3
7111	G2
83733	G3
2566	G3
4580	G2
5860	G2
11224	G1
376497	G3
2571	G1
4522	G1
2181	G2
10675	G5
80856	G2
7251	G1
55823	G1
388336	G4
25930	G3
9024	G2
220988	
57406	G3
10632	G2
50807	G2
84894	G3
7407	G1
118427	G3
2710	G1
5529	G2
140465	G5
25979	G2
9254	G3
2035	G4
7430	G3
2824	G4
7019	G2
4841	G3
10810	G3
762	G3
80777	G1
8565	G1
10130	G2
6455	G3
2271	G1
6232	G1
10598	G1
3785	G3
4830	G3
51493	G2
3300	G2
6386	G2
3418	G1
10376	G2
6640	G5
1781	G4
1656	G1
224	G1
8448	G3
10213	G1
54472	G2
1933	G1
5216	G5
8050	G3
51699	G2
6521	G4
4354	G3
3188	G5
22907	G3
6224	G1
9854	G3
2235	G1
4185	G2
404037	G3
392	G1
55207	G3
79969	G3
55748	G1
55968	G1
23321	G3
6293	G2
11160	G2
79641	G2
873	G3
3184	G3
5917	G2
2767	G2
55967	G2
9167	G3
4204	G3
285172	G3
6390	G1
25782	G2
4712	G3
10659	G2
79929	G5
2931	G1
79187	G3
56262	G3
23367	G3
5631	G2
26000	G5
203190	G3
5036	G1
1340	G1
56243	G3
9762	G3
9448	G3
421	G3
8437	G4
57658	G3
6249	G3
57662	G3
9265	G2
5510	G1
9266	G3
9513	G3
22998	G3
26060	G3
121551	G3
23352	G2
11230	G3
23164	G3
57144	G2
377	G3
381	G2
57551	G2
85440	G2
6733	G3
4691	G5
55700	G4
271	G1
4659	G3
56936	G3
57460	G2
54862	G2
4869	G3
1973	G1
1174	G3
23365	G3
25843	G1
79180	G2
4076	G3
7917	G3
113246	G3
83447	G5
5909	G3
23576	G2
6708	G5
144100	G3
27072	G2
23002	G2
25873	G5
8209	G3
3187	G2
495	G5
91452	G3
58477	G2
1674	G4
26045	G3
23348	G2
5144	G2
7464	G2
150209	G1
176	G3
23187	G3
386617	G2
440279	G4
3005	G5
5127	G3
6160	G1
124044	G5
55118	G3
26289	G2
81876	G3
23205	G3
80124	G3
255252	G2
260425	G3
4336	G5
57605	G2
7094	G3
129285	G3
116841	G3
23167	G3
3064	G3
396	G1
2983	G2
8760	G3
26286	G4
71	G1
23229	G3
9732	G3
55327	G3
8724	G1
57636	G3
401647	G2
4676	G1
23209	G3
6157	G1
726	G2
3612	G1
8682	G3
1660	G2
2917	G2
6209	G1
9230	G1
1845	G3
26086	G3
2734	G2
8497	
1615	G1
63826	G1
111	G2
8976	G6
4641	G2
64122	G4
823	G3
2010	G5
54539	G3
752	G6
10469	G1
16	G1
5300	G1
5602	G3
60484	G3
3033	G1
10651	G2
1211	G2
9341	G3
55326	G2
51704	G3
54828	G2
5705	G1
2108	G1
55699	G1
747	G3
23500	G4
1434	G1
6642	G3
8567	G2
5110	G1
9529	G3
6843	G2
6742	G2
66004	G5
7466	G2
10295	G1
2805	G1
376267	G6
6648	G1
8476	G2
8566	G2
57614	G3
6158	G1
83696	G2
8813	G1
55074	G3
2817	G3
4728	G1
8615	G1
6416	G1
56181	G3
50809	G3
10657	G3
55907	G2
1410	G2
164	G1
6218	G1
3191	G2
4356	G3
7920	G2
165215	G3
3305	G1
5701	G1
5536	G1
23530	G1
3996	G2
57520	G3
1374	G3
5609	G2
7923	G2
738	G2
11258	G3
9715	G4
10908	G3
5165	G1
471	G1
4698	G2
4709	G3
25977	G2
5605	G1
131118	G1
9361	G1
4718	G3
54550	G3
80150	G3
2977	G2
286097	G2
199731	G3
51706	G1
254531	G3
7812	G2
2617	G1
10564	G1
64210	G1
51062	G3
80212	G3
9054	G1
57148	G2
57599	G2
5837	G2
9798	G2
3735	G1
2180	G4
2316	G2
23513	G2
9590	G5
51571	G3
84258	G3
9344	G3
783	G3
89796	G3
6500	G1
7249	G2
9941	G4
1459	G1
142	G2
22885	G2
10015	G1
4734	G4
5575	G2
10189	G5
27095	G1
7916	G5
23098	G2
6233	G1
9223	G3
2665	G3
114783	G5
3739	G3
114795	G4
9898	G5
80128	G3
1642	G2
152789	G3
3766	G3
5756	G1
9555	G3
2332	G2
5747	G2
3798	G3
1996	G2
5799	G3
2521	
84376	G2
7336	G1
80309	G3
9632	G1
5962	G3
10432	G4
9379	G3
65268	G4
23196	G4
8661	G1
5869	G1
25874	G1
6201	G1
146330	G2
8411	G3
57221	G2
301	G3
392617	G3
22843	G3
9847	G2
6206	G1
131034	G3
6144	G1
30844	G3
112476	G5
5095	G2
134353	G4
311	G2
57338	G3
2166	G1
57488	G1
3303	G1
55275	G1
22905	G5
4067	G3
57216	G3
79877	G1
6546	G2
57348	G3
54749	G3
6231	G1
487	G1
94030	G5
8404	G2
23230	G1
55161	G2
10652	G1
3183	G5
774	G2
11130	G5
51762	G3
6161	G1
81565	G2
4724	G2
11141	G3
84263	G1
9899	G1
10449	G2
2109	G1
361	G2
10290	G3
7388	G3
136319	G2
11217	G3
8815	G2
2773	G3
26135	G5
9097	G1
51160	G2
3006	G5
9524	G1
89910	G2
22808	G2
22853	G4
55845	G2
6159	G4
375057	G3
1468	G1
10423	G1
26278	G3
8607	G1
7360	G2
6904	G2
57130	G1
201475	G3
310	G1
6280	G4
2244	G3
1620	G3
22891	G3
1901	G3
51560	G1
23031	G3
50618	G3
217	G1
1968	G2
5707	G1
27089	G2
25902	G3
57628	G2
58	G3
83693	G2
382	G1
51807	G3
2947	G3
6643	G1
54331	G3
4831	G3
5290	G2
83699	G3
27439	G3
51056	G1
6181	G2
6538	G4
26355	G3
3043	G5
55856	G2
5694	G1
10113	G2
2560	G3
6050	G4
152007	G2
9844	G2
22849	G3
55619	G3
1828	G5
81631	G3
2950	G3
794	G3
6301	G1
29789	G1
10397	G3
10949	G4
5706	G1
89941	G1
8672	G3
6717	G3
1977	G2
23420	G2
23435	G3
5709	G1
8575	G2
3853	G4
57617	G1
132299	G3
64225	G2
57665	G1
1727	
11344	G3
4711	G2
23011	G2
10752	G3
22954	G3
55754	G1
6472	G1
23339	G1
2273	G3
3092	G1
93974	G3
55799	G2
85300	G3
85397	G3
4141	G1
114793	G2
10901	G2
23382	G2
108	G2
2909	G2
51308	G2
1965	G1
489	G3
6647	G1
760	G4
401190	G3
129049	G2
6210	G1
51466	G4
6176	G3
4673	G1
54536	G3
22919	G1
29763	G3
56850	G3
51075	G2
5097	G3
9296	G1
84435	G3
2556	G2
10527	G1
10858	G1
55269	G3
29796	G4
9764	G3
9445	G3
64744	G2
961	G4
18	G1
23597	G1
345651	G5
112936	G2
5710	G1
65263	G2
1384	G1
1629	G1
285513	G5
9368	G3
56907	G3
10236	G4
5447	G1
23180	G4
221424	G3
27034	G2
5713	G1
1176	G1
5332	G2
8938	G2
205	G3
4725	G3
4008	G3
8526	G2
343990	G5
3858	
133957	G3
10525	G2
51138	G2
811	G2
10452	G1
23380	G3
1009	G3
55704	G4
5905	G1
2802	G3
3745	G3
348980	G3
7248	G3
1641	G4
10155	G5
63893	G4
157922	G3
23109	G5
54954	G3
6311	G3
4915	G3
9135	G3
23317	G2
7881	G1
22872	G2
11171	G2
9208	G3
5528	G1
9826	G3
2899	G3
3608	G2
51479	G2
5142	G3
7425	G5
3836	G3
9832	G3
54477	G3
23646	G2
58533	G2
6092	G2
108489980	
302	G3
9040	G1
283209	G3
10938	G2
2885	G2
23325	G2
5591	G2
55324	G1
4916	G3
5702	G1
23294	G4
81832	G3
23052	G4
3163	G3
479	G4
6847	G3
3009	G5
5527	G6
7414	G3
3852	G4
54832	G3
83481	G3
219771	G2
57497	G3
30	G1
57608	G4
10455	G2
60682	G3
79948	G3
64748	G3
140730	G3
51067	G1
392862	G3
7874	G1
22800	G1
7311	G1
27101	G2
10079	G4
80755	G1
57464	G2
10154	G3
225	G2
847	G1
6138	G1
2530	G2
23245	G4
2239	G2
8482	G3
5129	G3
23266	G2
160622	G3
7905	G1
192683	G3
51660	G1
8785	G4
2876	G3
2059	G3
537	G3
22983	G3
4907	G1
29091	G3
1002	G3
10490	G3
115703	G5
1793	G2
6888	G1
8776	G3
147906	G5
2555	G3
1982	G4
8664	G1
10493	G3
57553	G3
3315	G3
85365	G1
3751	G2
11343	G3
9630	G3
5136	G2
84233	G3
29920	G3
53916	G2
4082	G5
26051	G3
775	G3
34	G2
2764	G2
7453	G1
51673	G3
29801	G3
57326	G5
9559	G3
2901	G3
9342	G2
51102	G1
9522	G2
80331	G2
116442	G2
5865	G3
928	G3
201595	G1
1399	G3
6154	G1
7514	G1
8491	G2
5717	G1
132001	G1
57568	G2
57580	G3
1892	G1
10550	G2
55610	G2
81618	G3
2539	G1
140679	G2
340527	G3
6897	G1
92609	G2
10728	G3
2580	G2
3709	G4
57863	G3
213	G4
6509	G3
84457	G2
83856	G3
55102	G2
253559	G3
64756	G2
9861	G2
966	G5
6164	G5
4900	G6
6814	G3
7525	G3
8027	G2
56681	G1
26520	G2
4660	G4
139322	G3
11122	G4
6229	G1
372	G2
1155	G1
6327	G3
10328	G3
1665	G1
57787	G3
64743	G3
23171	G3
6228	G1
10985	G1
11022	G3
93377	G5
11033	G2
29968	G1
90423	G5
351	G2
56926	G2
1975	G3
57003	G2
22930	G2
2949	G5
147179	G3
57496	G3
6102	G3
11221	G3
10239	G2
10005	G2
11100	G3
8723	G3
2287	G3
8243	G1
26012	G3
80347	G2
56894	G2
91010	G5
10163	G3
22920	G2
25953	G3
347731	G4
9804	G2
57498	G2
5764	G3
23078	G2
114294	G2
55512	G3
59353	G2
11170	G3
256714	G4
23786	G3
5625	G2
6396	G1
7171	G3
11240	G3
23285	G4
6772	G3
8675	G1
2905	G3
9158	G2
9567	G1
55831	G3
6238	G6
9978	G1
5526	G3
8650	G3
92259	G3
408	G2
83658	G2
253959	G2
55333	G3
25999	G3
130132	G3
81892	G3
54874	G3
51393	G4
148252	G2
79735	G3
5335	G2
166785	G2
5481	G1
26608	G2
10952	G2
55604	G2
22821	G2
501	G2
5859	G1
53358	G3
2281	G3
5955	G2
2987	G1
84445	G3
79671	G3
54499	G2
56776	G5
10693	G5
55201	G5
6165	G1
64423	G4
7314	G4
84502	G5
22927	G3
90957	G2
10645	G2
3738	G2
9276	G1
51559	G2
29942	G3
51234	G2
6002	G3
1185	G3
56945	G2
1608	G3
84152	G5
84443	G3
80207	G2
9550	G2
9897	G2
1429	G2
55198	G3
8453	G2
7263	G2
5034	G1
55738	G1
10067	G3
1891	G1
55739	G1
9371	G2
5687	G1
10856	G1
3848	G5
3849	G5
57118	G1
91663	G3
55229	G1
3035	G1
975	G2
3029	G2
7163	G3
3094	G2
5704	G1
3336	G1
8895	G3
83858	G6
9444	G3
23228	G2
56993	G2
58473	G4
9001	G5
3748	G3
5798	G3
3632	G2
814	G3
439	G1
51400	G1
284106	G5
57537	G3
3376	G1
1350	G5
65059	G3
91683	G3
51520	G1
23385	G2
4540	G2
51663	G2
5116	G4
55004	G3
91404	G2
7158	G4
23019	G2
375790	G2
55184	G3
5062	G1
56977	G3
10972	G1
79711	G1
4217	G3
9581	G3
10129	G3
9267	G2
790	G1
8087	G3
9748	G3
9737	G5
9755	G3
23215	G4
1613	G3
57698	G3
84959	G2
7520	G1
8777	G3
2475	G1
2914	G3
7798	G4
80232	G1
41	G2
5830	G2
10788	G3
9343	G1
8030	G3
10075	G2
283450	G3
80164	G5
57521	G1
11004	G2
23271	G3
8500	G3
1994	G3
154796	G3
57582	G2
27161	G2
22982	G2
26058	G3
7871	G3
5537	G1
4478	G2
51101	G3
50804	G3
92154	G3
1995	G3
7109	G2
9162	G3
79837	G3
2060	G3
1612	G2
2804	G4
1993	G2
8452	G2
8570	G3
9852	G5
55236	G3
221092	G5
152330	G2
114882	G1
51637	G2
30849	G1
3908	G2
79834	G3
5923	G3
10815	G3
50808	G1
10636	G3
729993	G3
59	G3
90249	G3
79085	G3
126731	G3
83452	G2
57716	G5
93436	G2
27247	G1
10463	G2
9556	G5
23254	G2
357	G3
4282	G3
23732	G3
9605	G3
51440	G3
23	G2
9126	G1
57495	G2
25978	G2
79884	G5
8834	G2
85456	G5
23204	G2
5654	G3
55697	G1
23072	G3
6329	G3
221184	G3
81553	G2
56895	G3
9780	G3
9146	G2
222950	G5
9821	G4
57448	G2
80142	G2
5362	G2
26050	G3
36	G1
6620	G3
9545	G3
4509	G6
4666	G5
83473	G2
54566	G3
23637	G2
201161	G2
306	G3
10287	G3
56924	G3
257160	G3
23376	G2
65078	G3
23208	G3
3074	G2
10456	G3
10497	G3
5534	G1
219287	G3
98	G2
9255	G2
51806	G5
23527	G2
6227	G1
1958	G3
80017	G1
79643	G2
4893	G3
51196	G2
1200	G1
56341	G3
23541	G1
10994	G2
3055	G3
54704	G2
822	G3
1821	G3
121512	G3
6645	G3
6508	G3
51534	G2
144165	G3
9515	G2
4694	G3
28992	G3
55362	G3
57222	G2
57471	G5
8601	G2
7818	G2
10923	G3
51	G2
5538	G1
118881	G2
26958	G1
64848	G2
249	G2
57026	G3
27243	G1
221981	G3
9696	G2
10016	G1
64219	G5
55631	G1
642968	G3
4218	G1
51761	G1
23095	G3
285368	G5
5685	G1
7335	G2
788	G1
54938	G1
5493	G3
7155	G1
55824	G3
403	G2
55361	G2
8533	G2
718	G3
5565	G1
1315	G1
84886	G3
91978	G4
9380	G2
5686	G1
115817	G2
3839	G3
8065	G2
9320	G2
11168	G3
2686	G3
9738	G4
52	G2
6285	G3
9283	G3
2280	G3
51337	G2
644	G3
7991	G1
25814	G3
92255	G2
25830	G3
373156	G2
2557	G3
7295	G1
3382	G3
9690	G2
1004	G3
9842	G3
5683	G1
9497	G2
29934	G2
4645	G1
9758	G3
10419	G2
57446	G2
8773	G3
4677	G1
5226	G1
57622	G3
8907	G1
5880	G1
158471	G5
64409	G3
57576	G2
80279	G2
6641	G2
114134	G1
26507	G3
5791	G3
4648	G2
9532	G2
2819	G1
25822	G2
3014	G3
6168	G1
2171	G4
645	G2
5338	G3
5364	G2
10159	G2
386618	G3
84059	G3
5333	G4
9946	G3
25940	G2
22820	G4
8663	G1
127829	G1
84230	G3
51429	G3
2495	G3
10814	G3
80333	G2
191	G1
5270	G3
27339	G2
6457	G1
8871	G4
56255	G3
388662	G2
29924	G2
7018	G3
10910	G2
57687	G2
10424	G3
5786	G3
2051	G3
5711	G2
26276	G2
107	G2
1983	G1
5881	G2
5289	G1
26985	G2
3685	G3
57552	G2
132864	G3
1456	G2
81567	G2
23061	G4
79143	G2
23071	G2
214	G3
5719	G1
57153	G3
5464	G1
4345	G4
23108	G3
6515	G1
84932	G5
26953	G5
23007	G3
125988	G3
51090	G3
9481	G2
5195	G2
113026	G2
10634	G4
55203	G4
9373	G1
79605	G3
84254	G2
59338	G3
22997	G3
3842	G1
6747	G2
9238	G3
23761	G1
9961	G3
25875	G2
100131244	G5
80700	G2
6923	G5
26275	G1
1509	G1
3757	G3
8799	G2
145864	G3
114789	G2
2197	G2
1347	G3
522	G3
400745	G3
1645	G5
114569	G3
143187	G1
64599	G3
30819	G3
5714	G1
2110	G1
8454	G1
9911	G3
27255	G4
80852	G3
5067	G2
51645	G1
142678	G2
26270	G3
10654	G2
54505	G3
780776	G1
84305	G3
140707	G3
3786	G3
4731	G5
161357	G3
2675	G3
340120	G3
10613	G3
3984	G2
28316	G4
10043	G4
9463	G2
2038	G4
11212	G1
6767	G2
56666	G3
282974	G4
216	G1
11273	G3
10228	G1
8761	G2
26330	G1
2774	G3
5828	G1
8898	G2
6511	G2
9652	G2
28512	G2
3710	G4
23344	G3
55669	G3
9537	G3
9053	G3
23395	G1
54788	G2
345778	G3
27316	G3
22883	G2
90678	G2
326625	G3
4832	G3
10105	G1
23657	G3
90523	G5
8659	G1
23242	G4
26130	G3
8266	G3
644150	G5
8443	G1
9987	G3
2794	G2
151011	G3
22	G1
5593	G2
8913	G3
100271715	G4
7266	G1
8662	G1
6734	G1
84643	G5
54940	G2
28976	G3
4942	G1
57084	G2
6428	G4
56886	G1
6786	G2
7458	G3
4043	G2
7260	G2
824	G3
93664	G4
673	G2
5580	G2
53918	G1
8801	G2
157378	G2
197322	G1
5660	G2
10133	G3
30000	G3
23197	G1
56267	G1
2730	G2
10102	G2
23193	G1
7919	G1
23080	G2
5875	G2
6921	G2
483	G3
23446	G2
60684	G2
307	G3
293	G2
2274	G2
6990	G3
81615	G3
1731	G5
5066	G2
5099	G3
3746	G2
27344	G5
2572	G3
3868	G5
11198	G1
8924	G2
23224	G3
546	G3
57451	G2
9667	G5
54732	G3
2801	G2
5903	G5
55729	G4
9612	G3
7267	G3
23001	G2
139818	G3
57578	G2
23020	G1
7175	G2
2803	G3
1523	G3
9659	G3
22994	G3
1062	G5
1729	G2
115098	G2
10427	G1
6093	G3
5585	G3
10188	G3
8428	G1
2079	G2
8826	G3
6601	G2
85369	G2
8642	G2
55466	G2
10297	G3
56252	G5
5108	G3
9628	G2
64682	G2
57805	G5
3609	G3
8887	G3
3925	G3
3276	G1
7165	G2
51361	G3
26057	G4
389	G1
8359	G2
26523	G3
55917	G3
84726	G3
23542	G3
10048	G2
6009	G1
84162	G2
255057	G6
115	G2
5313	G1
369	G3
54014	G3
170961	G5
9761	G2
254263	G3
55691	G3
3856	G3
85461	G3
6683	G2
375567	G3
161436	G3
10092	G2
26750	G2
201625	G2
80222	G4
6334	G3
121504	G2
6738	G2
84129	G1
117145	G3
527	G1
57530	G3
22906	G2
6342	G1
10846	G2
81831	G2
4904	G3
1769	G2
1376	G1
153364	G3
8829	G3
23336	G3
57826	G3
10730	G2
113510	G2
5980	G3
79567	G3
5430	G1
103	G3
4624	G3
5525	G3
326624	G2
2900	G3
3097	G3
5932	G4
10178	G3
26575	G2
4928	G2
22995	G3
6173	G1
26027	G3
129807	G3
9585	G3
23086	G5
54861	G3
5981	G1
284217	G3
6263	G3
23467	G3
55698	G3
23024	G3
5007	G1
1181	G2
139065	G3
4591	G3
92399	G2
349667	G3
26505	G3
51701	G2
23047	G1
4297	G4
402665	G3
9644	G3
2196	G3
79747	G3
80005	G3
161725	G3
2784	G3
3024	G4
80184	G3
338	G3
22832	G3
670	G2
10594	G1
53353	G3
23107	G3
2639	G1
5649	G3
79568	G3
10565	G1
64854	G1
5684	G1
6449	G2
23140	G3
64753	G3
8853	G3
84790	G1
23129	G3
7057	G3
8540	G2
120114	G3
1956	G3
4649	G3
2558	G3
8036	G2
9648	G4
3556	G4
1464	G3
54885	G3
1984	G3
57795	G3
23286	G3
2768	G2
26207	G2
9069	G3
53822	G5
25777	G3
5908	G1
144402	G3
4538	G2
4622	G3
8632	G4
1767	G2
27145	G3
85459	G5
3861	G5
4537	G2
5317	G3
83449	G5
339122	G2
57477	G4
115948	G3
1080	G3
339829	G2
84433	G3
57482	G5
221545	G5
347	G2
9853	G3
4999	G2
23549	G1
114928	G6
51248	G3
29927	G1
5224	G1
23780	G5
23328	G3
6687	G2
55243	G2
54329	G3
1603	G1
154810	G4
9028	G3
8407	G4
23368	G3
10554	G2
51116	G2
3007	G5
284439	G2
5232	G5
901	G2
3339	G2
7781	G2
1471	G4
9185	G3
25994	G3
51649	G2
3704	G1
60626	G2
6731	G2
79026	G3
65992	G3
5128	G2
84836	G2
7343	G3
9531	G3
9392	G3
55558	G3
51065	G3
10953	G3
29919	G2
55848	G3
92675	G1
10479	G2
8294	G2
2021	G1
7283	G1
137682	G1
51412	G1
23417	G2
4783	G3
84864	G3
83752	G3
1794	G4
55054	G2
81533	G2
10055	G1
871	G3
23438	G4
10804	G3
2182	G2
89792	G3
63929	G1
51726	G2
55506	G3
126129	G5
135112	G3
11051	G1
23111	G2
51755	G4
54443	G3
133746	G3
51025	G2
7178	G1
79885	G2
133686	G2
54805	G2
23281	G4
57648	G5
6810	G3
55364	G1
115704	G3
5306	G3
59284	G3
29094	G3
10507	G3
80055	G2
2870	G3
23355	G2
6745	G2
6594	G1
27131	G3
65108	G5
26063	G1
394	G3
4957	G3
23012	G1
23263	G3
11253	G1
10367	G2
6727	G3
3269	G3
23066	G1
10247	G1
9789	G2
5693	G2
81889	G1
3792	G4
8574	G1
6867	G3
10026	G1
55966	G3
23301	G3
5563	G1
60496	G2
26036	G3
3507	
64965	G2
6182	G1
55156	G3
178	G1
50640	G2
57620	G3
79861	G5
23580	G3
9610	G5
759	G5
51651	G1
8546	G1
1109	G5
2224	G1
27	G3
8562	G1
9183	G2
56853	G3
23039	G2
2170	G3
9446	G1
57132	G5
6284	G4
149111	G3
8844	G3
56948	G2
58155	G3
1266	G2
3991	G3
55860	G2
7786	G3
116984	G3
64419	G3
6726	G3
10250	G5
6499	G1
146395	G3
4291	G3
11333	G3
196403	G3
54994	G2
3635	G3
27349	G2
7402	G3
5119	G3
23113	G3
65008	G3
151835	G5
64978	G2
7112	G3
4857	G3
26229	G2
5872	G3
2242	G2
869	G3
55346	G2
84867	G3
25921	G3
5831	G2
84630	G3
9620	G2
55421	G3
140576	G4
284361	G2
2173	G2
5163	G3
54873	G3
23163	G3
9625	G3
2040	G2
90580	G2
81846	G2
334	G3
64110	G5
6654	G2
56848	G2
127281	G3
3718	G3
143098	G2
55561	G5
27092	G3
219738	G5
9031	G3
55157	G1
9459	G3
9049	G2
3281	G3
51024	G2
5610	G3
151056	G2
6768	G3
5367	G4
55930	G1
10398	G3
80219	G2
427	G2
2780	G3
51031	G2
29078	G2
5874	G3
5164	G3
11052	G4
4733	G1
57095	G1
6634	G1
23287	G3
64478	G4
4069	G4
159	G3
30846	G3
445	G1
2894	G3
64168	G3
23705	G3
5601	G3
7174	G1
9990	G3
9733	G2
3712	G1
5590	G3
1356	G3
5688	G2
5692	G1
26470	G3
9651	G3
5833	G1
7125	G3
1268	G3
10873	G2
6566	G3
72	G2
1657	G3
810	G4
1838	G2
5867	G1
2	G3
7276	G3
6271	G3
25989	G2
9917	G2
26230	G3
5498	G1
444	G4
3636	G3
53349	G2
3417	G1
2066	G3
10395	G3
54622	G3
54893	G2
6324	G3
5218	G2
57037	G2
65080	G2
3956	G3
826	G3
5522	G3
57136	G2
254122	G5
284273	G4
7411	G1
51719	G2
9318	G1
51028	G1
23406	G2
10471	G2
57689	G3
10767	G1
5358	G3
7162	G3
5589	G2
58497	G1
79585	G2
80014	G4
2873	G2
11031	G3
5634	G1
8440	G2
3476	G2
11313	G1
55291	G3
10135	G3
3146	G3
7102	G3
80028	G3
22865	G3
3268	G5
51218	G1
1209	G2
55308	G1
4199	G1
85476	G1
5718	G1
3915	G2
3646	G1
400	G1
5550	G2
3267	G3
10296	G1
4144	G1
26003	G3
8455	G2
23647	G2
493856	G2
2286	G1
56997	G1
261726	G1
8140	G2
5445	G3
1312	G1
641371	G3
3251	G2
25840	G3
54708	G2
1528	G2
8904	G3
4619	G5
6195	G2
55680	G2
340543	G5
514	G6
284656	G4
10517	G3
3860	G5
3539	
120892	G3
57489	G4
64805	G3
5310	G3
57403	G3
80223	G5
63875	G2
63894	G2
23503	G3
3514	
3500	
6279	G5
3502	
4707	G4
254065	G4
8349	G3
7368	G2
27031	G3
51168	G3
767	G3
8125	G4
51441	G3
51760	G3
79870	G4
57106	G5
123745	G4
1846	G3
9706	G3
5042	G3
5321	G3
126792	G2
56144	G5
8851	G3
146223	G3
26517	G2
401145	G3
57478	G3
7542	G2
358	G2
57575	G3
26994	G2
9926	G2
10061	G1
253943	G3
2288	G2
8787	G3
79073	G5
11059	G2
54915	G3
8165	G4
9231	G3
84516	G1
8879	G1
54806	G3
91833	G2
1013	G3
525	G2
388695	G3
23143	G3
1600	G3
5894	G3
84628	G3
84895	G2
51735	G2
5193	G1
23201	G3
10818	G3
57513	G3
4983	G4
10156	G3
79959	G3
134492	G3
8504	G1
64405	G4
80820	G3
55176	G2
8408	G3
321	G3
9775	G1
9196	G3
93380	G2
126298	G5
83939	G1
6750	G3
57606	G3
55638	G3
5192	G1
54867	G2
889	G2
6833	G3
56097	G5
10627	G3
114900	G3
56138	G5
4815	G3
8622	G2
80036	G2
8495	G3
51011	G1
219	G1
617	G1
126328	G3
4706	G2
6391	G2
3182	G3
10961	G2
51386	G1
87178	G2
33	G3
2997	G1
79944	G2
8878	G3
23474	G2
8518	G1
793	G3
3857	G6
51109	G2
2936	G1
9289	G4
10726	G1
23408	G1
23416	G3
26100	G1
8890	G2
3688	G2
84284	G2
6697	G2
5106	G2
57019	G2
5562	G3
3703	G2
23534	G1
322	G3
80221	G1
51449	G3
9701	G3
9601	G2
950	G2
134829	G2
1363	G2
402	G1
53826	G3
124454	G1
6774	G3
79896	G3
27175	G2
55521	G3
54495	G2
84064	G2
57120	G2
9375	G2
5372	G4
4817	G1
10587	G2
5818	G4
954	G3
23041	G2
5599	G2
8634	G2
2944	G5
83394	G3
112724	G2
26515	G3
7321	G3
5375	G2
727957	G2
29978	G2
64324	G4
55755	G4
9498	G3
2130	G3
154043	G3
23269	G4
57619	G4
7223	G2
3482	G3
57680	G3
1826	G2
282973	G3
10111	G1
56992	G3
51366	G2
6840	G2
124997	G2
7750	G3
55226	G1
5629	G3
58525	G4
6597	G3
23046	G3
6494	G5
23255	G3
54880	G3
440193	G3
5927	G2
5783	G3
10592	G1
6599	G3
140710	G3
11011	G2
55075	G3
23090	G3
55636	G3
7159	G3
9774	G4
3066	G2
117177	G3
6949	G5
25852	G2
22938	G1
25959	G3
10919	G3
23387	G3
29062	G3
84461	G2
57532	G3
6426	G2
9479	G3
4926	G4
57624	G3
9779	G3
283455	G3
11152	G1
23243	G3
8658	G2
56288	G3
51474	G3
23094	G3
23307	G3
10528	G1
9967	G4
5334	G4
5141	G3
23644	G3
23451	G1
2800	G3
53981	G2
3615	G3
83737	G3
375056	G5
23384	G3
129684	G2
10763	G5
23074	G2
23112	G3
89801	G5
5780	G2
9100	G3
6196	G3
4216	G2
9209	G4
3832	G2
5073	G1
51631	G4
1108	G2
1952	G5
10514	G4
11188	G2
57169	G2
7337	G2
5100	G3
9860	G3
23370	G3
1819	G1
10916	G5
200081	G2
2547	G1
2107	G1
10499	G3
1386	G3
9493	G2
1786	G3
24137	G2
636	G3
10021	G3
54726	G4
81624	G5
374654	G3
25962	G3
10235	G3
23177	G5
25836	G2
55835	G3
8754	G4
85235	G5
9815	G2
5516	G1
80303	G3
146754	G2
401024	G5
23036	G4
127262	G3
55345	G4
22986	G3
7450	G3
721	G3
9950	G2
26504	G3
400954	G3
57709	G2
159989	G5
54768	G3
55037	G2
1006	G3
1007	G4
7840	G5
285313	G4
57679	G3
80727	G2
116931	G2
4881	G2
145581	G3
6335	G4
4750	G3
64089	G3
10979	G2
246213	G3
8674	G3
7064	G1
1632	G2
2262	G2
23671	G3
8451	G4
51250	G4
808	G1
79925	G3
1525	G3
3099	G2
3854	G5
89853	G2
80155	G3
2044	G3
51667	G2
4294	G3
10207	G3
9968	G3
284434	G3
2321	G3
55870	G4
4621	G5
151742	G2
84033	G3
51059	G3
1160	G3
57224	G3
259232	G2
4846	G5
9881	G4
342184	G5
4940	G5
4868	G2
26509	G3
26160	G2
3340	G3
3851	G4
3909	G4
53919	G3
3815	G3
131873	G3
54664	G3
197131	G1
53917	G3
129446	G5
22990	G3
10125	G3
7779	G1
23431	G3
266727	G3
81704	G3
1105	G1
124842	G2
2648	G1
27032	G1
23405	G1
5286	G2
54549	G2
94134	G3
3157	G1
55260	G5
10960	G3
23161	G2
284111	G3
285220	G3
2045	G3
29953	G3
25821	G1
220164	G3
57674	G3
23155	G3
23334	G3
79809	G2
1182	G1
10447	G3
23244	G3
1025	G1
399909	G5
7224	G3
84312	G2
57526	G3
1123	G2
57515	G1
79659	G2
256472	G2
57634	G3
4145	G3
8295	G1
375449	G4
200734	G2
3655	G2
9662	G2
7511	G1
58508	G3
8467	G1
23511	G3
23654	G3
51209	G2
80018	G1
5738	G3
9828	G3
23347	G3
166378	G1
23131	G5
84929	G2
2595	G3
89795	G3
10765	G2
23049	G3
140807	G5
54509	G3
57187	G2
6272	G3
23304	G2
23295	G3
117	G3
8914	G2
7357	G1
11007	G3
284161	G3
2590	G2
2033	G3
79414	G3
8899	G4
4351	G1
6653	G2
7074	G3
109	G2
10426	G2
23248	G4
472	G3
23150	G3
5531	G1
9736	G2
7412	G3
6261	G5
57706	G3
84188	G1
56957	G2
55667	G3
316	G4
3781	G3
1130	G3
122961	G2
2975	G3
85442	G4
5588	G3
54795	G3
5922	G4
3760	G3
55660	G2
48	G2
10531	G1
4638	G3
282996	G3
7803	G2
25885	G1
54148	G2
91526	G3
1948	G3
51125	G2
27000	G1
221400	G3
20	G3
9657	G3
10100	G4
90134	G2
22854	G3
3911	G2
55614	G3
3916	G3
55665	G5
9411	G5
3791	G3
57683	G5
8828	G3
23138	G3
80731	G3
10347	G5
3875	G3
55532	G3
2177	G2
80816	G4
4651	G3
5426	G1
2152	G3
23013	G5
219285	G4
7011	G3
55714	G2
5365	G3
54884	G3
23392	G2
9256	G4
3691	G3
3148	G2
22984	G3
54625	G3
57650	G3
317	G3
7053	G4
154664	G5
64072	G3
2897	G2
3018	G5
9542	G3
27314	G2
360200	G2
229	G3
23181	G3
2042	G4
2048	G3
59269	G3
4626	G5
338321	G5
55844	G1
6560	G2
84141	G3
55088	G2
8766	G1
259266	G3
9914	G4
5205	G3
79915	G3
170690	G3
170692	G3
55814	G4
4671	G5
54875	G3
11064	G3
344875	
256076	G5
1307	G4
8029	G2
23316	G3
360163	
100653515	G5
57572	G5
55567	G2
64800	G3
114327	G2
254102	G5
1969	G4
2046	G4
2049	G3
54821	G4
2125	G3
79843	G3
148753	G3
55719	G4
23116	G4
27146	G4
54906	G5
339145	G5
22909	G1
55215	G2
83990	G3
221472	G2
2261	G2
114827	G4
80206	G3
80307	
80144	G3
158326	G3
341640	G3
10690	G3
6936	G3
2674	G3
3000	G3
147746	G5
256158	G5
3161	G3
3299	G5
91156	G3
152404	G3
54617	G2
392843	G6
9703	G2
85379	G5
3866	G3
3880	G4
54474	G4
125115	G5
3881	G5
3882	G5
51350	G5
3855	G4
112802	G4
319101	G5
121391	G5
7994	G4
53944	G3
1455	G1
9312	G3
3797	G3
317719	G2
57626	G4
9757	G5
8085	G5
9735	G3
8689	G5
3887	G5
3888	G5
3889	G5
3890	G3
10319	G3
54886	G3
4040	G2
79442	G3
341883	
116372	G4
389840	G2
84451	G3
89876	G3
9969	G2
54737	G4
339766	G5
10536	G3
80003	G3
10343	G5
57475	G2
5586	G2
10769	G3
114824	G5
5459	G2
9858	G5
5613	G2
5787	G2
150962	G2
169714	G2
64926	G5
57514	G5
9824	G3
57589	G1
83547	G5
85376	G5
56163	G3
94137	G5
57096	G5
5442	G2
25914	G3
57402	G5
132320	G3
6336	G5
221935	G3
3508	G1
6621	G4
10615	G4
200162	G3
124976	G3
80208	G3
57519	G5
55342	G3
23353	G3
114801	G3
6872	G2
9786	G3
11138	G3
55357	G3
23102	G2
84260	G3
163589	G3
8577	G3
200424	G4
51284	G3
83604	G3
140803	G4
54822	G3
23331	G2
23318	G3
57602	G1
27340	G1
81839	G2
157680	G4
127731	G4
149465	G2
55100	G2
7486	G2
114786	G3
84524	G5
57623	G3
463	G3
24149	G5
353274	G5
9745	G3
9640	G3
140831	G4
23053	G3
56650	G3
57502	G1
4647	G2
85417	G5
22852	G5
53904	G2
675	G4
153733	G4
84166	G3
221322	G3
56254	G3
8204	G3
4892	G4
4853	G3
126206	G5
338322	G5
197358	G3
22981	G5
51199	G4
4650	G3
140469	G3
23026	G3
57644	G2
4606	G3
84229	G2
143884	G2
1387	G3
4261	G3
11190	G4
1951	G3
8621	G4
54535	G5
728621	G4
343099	G3
729665	G5
203238	G3
339965	G5
284992	G3
223075	G4
256309	G4
54897	G3
57082	G4
79020	G2
65250	G3
283373	G3
84250	G3
80709	G5
112	G3
23460	G5
57507	G3
163404	G2
123591	G3
730102	
285315	G3
4236	G2
84798	G6
79640	G6
283951	G5
162655	G5
79763	G2
6317	G5
387680	G3
157285	G4
6729	G1
84450	G4
51617	G3
9582	G5
115509	G5
130813	G3
11197	G2
93643	G3
9324	G3
8362	G2
3611	G2
54843	G5
6604	G1
337872	
5327	G3
7349	G5
80224	G1
100287932	G2
79791	G3
27067	G2
219793	G3
128308	G3
152100	G2
8288	G3
94104	G2
84940	G3
11135	G4
50940	G2
10900	G3
3020	G2
9472	G3
54921	G2
64969	G2
81539	G4
84892	G3
3681	G5
2532	G5
2184	G1
124801	G2
23241	G2
29760	G3
9631	G2
345630	
10884	G2
4635	G3
81488	G3
5757	G5
7732	G5
123096	G1
51537	G2
6183	G1
246269	G1
64005	G3
27236	G3
9570	G2
27239	G4
117579	G5
11222	G1
6744	G3
49855	G3
7515	G3
65084	G2
57122	G2
9870	G2
1907	G4
112840	G1
9260	G3
53827	G5
9527	G1
54534	G4
80196	G3
6388	G2
81570	G3
199953	G3
7410	G3
28952	G3
9891	G3
55515	G3
80298	G3
83548	G2
118812	G2
8175	G5
115286	G1
11248	G4
2731	G1
55746	G2
60370	G5
26019	G1
9002	G5
51780	G3
9958	G4
2243	G3
343702	G3
58517	G4
2741	G2
140460	G3
1128	G2
84656	G2
6741	G2
90362	G3
800	G5
4774	G3
553115	G2
572	G5
10076	G3
60673	G2
7422	G3
2247	G3
2318	G3
10579	G5
29957	G1
400673	G3
4643	G2
23479	G1
9354	G2
84134	G3
8893	G1
123879	G2
56851	G2
114971	G2
85865	G2
4440	G3
81689	G1
192666	G5
374618	G3
5151	G2
64943	G3
8317	G2
257407	G5
5341	G3
114784	G3
55854	G2
7454	G3
140823	G2
54520	G2
6794	G2
9415	G2
4998	G3
64963	G3
139341	G3
387597	G3
7169	G5
1271	G3
26154	G3
4542	G1
6885	G4
11316	G2
55255	G3
81037	G2
167691	G3
8894	G2
5797	G4
23313	G3
3964	G3
124995	G2
8999	G4
6451	G3
261729	G3
6651	G5
7024	G2
83605	G3
196374	G5
23288	G3
10440	G3
55140	G1
9781	G2
6632	G1
874	G5
5716	G1
79672	G2
4528	G1
94032	G3
143425	G3
11005	G4
55687	G1
27005	G3
81563	G3
9489	G1
6275	G3
128178	G3
2673	G3
219927	G2
3015	G3
23731	G2
79901	G2
80380	G4
29088	G2
81611	G6
23373	G3
148281	G3
7873	G2
285527	G2
55973	G3
2150	G3
6781	G4
8340	G5
1854	G1
5606	G2
60488	G2
4215	G3
51081	G2
2743	G2
177	G5
58472	G1
55149	G2
29982	G3
4026	G3
8001	G2
8665	G1
55082	G3
3992	G4
23518	G3
3696	G3
5725	G2
4357	G1
3012	G5
3667	G3
55450	G5
11341	G4
2581	G2
10411	G3
714	G3
90701	G1
22980	G1
51622	G2
9791	G2
374864	G5
84866	G5
10014	G3
25901	G3
81628	G5
9638	G3
23037	G3
3773	G3
51073	G2
10238	G2
22864	G3
3054	G2
215	G1
23609	G3
27165	G3
57143	G1
10620	G4
254863	G3
6323	G4
84300	G3
57380	G1
6240	G1
7342	G2
23023	G2
93034	G3
83595	G3
2887	G3
9811	G3
9478	G3
126006	G5
55972	G1
83657	G2
4046	G5
84926	G3
286046	G2
2132	G2
171024	G4
28958	G3
81490	G3
92737	G3
7108	G2
6167	G1
9351	G2
23710	G1
51069	G2
79811	G3
118487	G3
399473	G5
22913	G3
23165	G2
6341	G1
161742	G3
27124	G2
6427	G4
84947	G2
54948	G2
5318	G3
208	G2
126133	G3
56934	G2
4353	G4
84274	G1
27343	G3
8668	G1
8480	G1
66005	G2
22921	G2
84749	G2
154661	G4
125228	G3
7164	G3
6613	G2
23589	G2
23423	G3
26040	G3
2047	G2
54923	G5
55262	G3
348262	G3
55920	G2
6730	G2
83442	G3
2257	G3
2326	G5
740	G3
3936	G1
6197	G2
9619	G2
4208	G2
64388	G3
11231	G2
10539	G1
833	G1
1610	G1
9788	G3
10658	G5
8667	G2
4794	G3
713	G4
7222	G4
90627	G3
65125	G5
6678	G3
25924	G3
64343	G3
9669	G3
10975	G5
84869	G1
23270	G5
23152	G5
6444	G2
664	G3
8722	G2
10777	G4
3149	G4
51693	G2
56098	G5
55337	G3
56130	G5
64783	G3
26519	G2
8666	G1
65991	G4
10845	G1
64840	G2
8968	G2
3071	G3
10869	G2
85477	G3
23481	G1
23450	G1
374986	G3
11252	G2
10482	G1
22826	G2
282991	G3
123283	G4
11180	G1
402117	G3
25880	G3
23592	G3
64432	G2
26353	G3
405	G4
1622	G1
10775	G2
207	G2
64795	G1
90668	G3
51422	G3
1545	G3
147015	G3
6548	G3
27130	G2
6101	G5
84000	G3
80342	G3
1337	G2
10240	G3
7153	G2
202333	G5
79065	G3
132204	G3
712	G3
3742	G3
5858	G6
3155	G2
80243	G3
3045	G5
9043	G2
10987	G1
54438	G2
284119	G3
55681	G2
6432	G4
51133	G2
57724	G2
83892	G2
10549	G2
85455	G3
78999	G3
55144	G3
160518	G2
4200	G3
5101	G3
3189	G4
5636	G2
6294	G3
6418	G2
84679	G3
1010	G3
57410	G1
7060	G3
1362	G2
10605	G2
10007	G3
55852	G3
55187	G2
5431	G1
23607	G3
115811	G3
54972	G5
10988	G1
9685	G2
23199	G3
3747	G2
10724	G2
3075	G2
9435	G3
10980	G1
10058	G1
5049	G2
64218	G5
51592	G3
50813	G3
9465	G4
6505	G2
7247	G1
27429	G2
22985	G3
54914	G3
23507	G4
9722	G4
26580	G3
4594	G2
5690	G1
2335	G3
3240	G5
9138	G5
65266	G4
5691	G1
5682	G1
5689	G1
11261	G2
51091	G2
6282	G4
51100	G2
1398	G2
79594	G3
6845	G2
55717	G2
4253	G3
6091	G2
51741	G2
51805	G1
22987	G3
653145	G4
10920	G2
10082	G3
9672	G4
23048	G2
55666	G1
29028	G3
57181	G3
9482	G2
6534	G4
2263	G2
65055	G3
84678	G4
11075	G3
66036	G2
80724	G2
1763	G1
70	G3
90990	G5
9119	G4
7857	G3
256356	G2
5504	G3
340529	G5
338785	G5
50861	G3
116985	G3
259	G3
26354	G3
210	G1
51668	G3
4363	G2
9825	G3
50865	G4
138311	G3
283234	G3
462	G3
350	G4
335	G3
5663	G2
337	G3
79848	G3
54899	G2
253260	G3
1723	G1
4798	G3
25837	G2
6542	G2
64434	G2
83692	G5
54543	G4
57571	G4
135228	G2
6876	G3
22837	G4
7052	G3
563	G5
23137	G1
11259	G3
1131	G3
115361	G5
657	G4
26010	G4
4437	G1
2745	G2
95	G2
51181	G2
84631	G3
23040	G3
79876	G2
27075	G2
57505	G3
4240	G3
1857	G2
1728	G3
9203	G4
5291	G3
10351	G4
10072	G1
19	G2
374887	G3
9101	G2
7301	G3
84665	G3
23259	G2
84952	G3
57539	G2
283871	G1
55531	G3
9772	G2
3159	G4
6832	G2
30851	G3
55160	G4
29941	G4
6563	G5
1293	G3
25934	G3
81617	G1
23170	G2
10867	G2
7296	G4
1069	G2
6655	G2
10434	G1
9931	G3
2926	G3
28973	G3
128869	G1
7110	G3
54585	G3
221074	G4
327	G2
114	G2
64754	G1
4308	G2
57655	G3
6526	G3
1717	G1
114788	G3
286410	G3
51280	G4
23322	G3
57719	G2
54839	G2
113263	G3
123041	G2
23505	G3
1368	G2
56474	G1
51566	G5
26093	G3
285175	G2
56889	G2
84100	G2
2957	G3
1445	G2
9984	G2
81532	G2
115752	G3
1278	G3
25839	G2
23250	G3
11216	G2
2585	G1
104	G2
125336	G3
10973	G1
55529	G3
55217	G1
8242	G1
57128	G3
5168	G3
65260	G2
9746	G3
1609	G2
26578	G2
29085	G2
54847	G4
55530	G2
4358	G1
25796	G1
23017	G2
6536	G2
80781	G4
51421	G3
51295	G2
55862	G2
5524	G1
114880	G3
51715	G2
23203	G1
2918	G2
145508	G3
63897	G2
23258	G2
9584	G5
5411	G4
54834	G2
26973	G1
130507	G2
3633	G2
39	G2
10330	G3
8975	G3
23381	G4
10209	G3
29959	G2
83451	G1
342667	G5
2317	G4
55048	G5
25801	G3
2245	G3
55612	G3
9943	G2
3692	G1
9910	G3
55349	G2
93035	G3
51434	G2
11334	G3
4882	G2
51046	G3
94005	G1
6400	G2
6611	G2
57407	G4
21	G2
146057	G4
5921	G2
2618	G1
25793	G3
642	G1
63891	G2
23412	G3
51573	G2
1147	G3
2840	G3
54187	G2
5549	G3
89970	G2
5269	G3
8216	G2
22836	G3
55218	G2
8911	G3
1605	G3
200205	G1
128414	G3
84623	G3
3416	G1
5611	G1
8892	G1
79176	G2
55577	G2
26589	G2
4952	G2
79633	G2
1630	G2
10617	G2
10965	G4
79188	G2
50814	G1
2531	G2
1284	G2
10611	G3
4074	G3
91	G3
4696	G3
85445	G3
4326	G2
4012	G3
60491	G1
25831	G2
10466	G3
1503	G1
3716	G3
1652	G3
3643	G3
23636	G4
8237	G3
51377	G2
51608	G1
133418	G3
11276	G3
56996	G1
23524	G5
196051	G2
10350	G5
4836	G2
53343	G2
5793	G3
27248	G2
8897	G3
23151	G4
54497	G2
5208	G1
79699	G2
78991	G4
222068	G1
22878	G2
26049	G4
84991	G2
28966	G3
8833	G2
545	G3
57718	G2
55133	G2
5795	G3
55212	G2
9806	G3
340371	G3
9980	G4
9521	G3
55585	G4
11140	G2
4924	G3
2786	G4
4858	G5
51185	G2
84532	G1
94160	G3
347862	G3
23708	G2
9683	G3
79705	G3
8991	G2
10428	G3
987	G3
126003	G1
64223	G1
23410	G3
55800	G3
23461	G2
23548	G3
64422	G2
6917	G2
9439	G2
25851	G2
50649	G3
7965	G3
2969	G4
10891	G4
57231	G2
11047	G1
57453	G2
10147	G4
200576	G2
26046	G3
79720	G2
58485	G1
55705	G2
128	G1
2629	G1
5754	G2
8539	G2
26127	G2
8450	G2
23247	G2
54928	G2
8678	G1
129607	G3
84313	G1
64121	G1
23544	G3
51347	G3
9810	G2
1947	G3
23670	G3
51594	G3
6059	G1
9108	G3
83889	G5
57486	G1
5695	G1
5295	G2
222236	G1
60592	G3
23762	G2
29761	G3
201562	G1
9765	G3
171425	G1
1954	G2
8731	G2
10844	G2
2584	G2
25963	G3
25929	G3
57168	G3
10959	G1
10446	G2
4214	G3
65217	G2
7084	G2
8891	G1
57611	G3
9801	G2
1436	G3
160418	G2
114876	G2
10905	G1
89777	G4
4547	G2
63892	G4
3913	G2
6627	G1
23390	G1
65993	G3
401548	G1
51635	G2
23478	G3
5902	G1
813	G2
5121	G4
23225	G2
28956	G2
5204	G1
5728	G2
7813	G2
5983	G1
84816	G2
9777	G2
79571	G2
51084	G1
23075	G2
9731	G2
27068	G3
102	G2
10881	G5
64921	G1
23428	G2
152579	G3
57476	G3
28981	G2
5050	G3
3752	G3
81929	G1
64083	G2
8291	G2
8986	G2
1153	G3
23268	G3
51204	G1
5337	G2
7535	G3
90	G2
11020	G3
9353	G2
51014	G1
440	G2
81542	G2
78987	G3
64786	G2
23198	G2
6764	G3
8842	G2
63027	G4
3912	G3
3141	G2
3290	G4
116835	G1
223	G1
56898	G1
9687	G3
7706	G3
2053	G1
25932	G3
4038	G2
7037	G3
28957	G2
57060	G1
8398	G2
57643	G2
25912	G2
53407	G2
54939	G2
56616	G4
23457	G2
63982	G3
26024	
6170	G3
391356	G2
30818	G3
55347	G3
90381	G4
79611	G1
389941	G3
57092	G3
65249	G5
1186	G2
347734	G2
79776	G3
83700	G3
285148	G3
952	G3
5730	G4
83450	G2
2098	G1
23223	G1
10715	G2
5836	G1
4599	G3
9397	G1
55040	G3
722	G4
10541	G3
3185	G2
10991	G3
23277	G1
10921	G3
26873	G1
57020	G2
1595	G1
8880	G3
633	G3
8623	G1
6638	G2
9367	G3
8536	G1
1005	G3
1855	G3
4625	G1
3310	G5
3493	
5533	G3
6533	G3
6813	G1
94121	G2
7114	
378	G2
388341	G3
131474	G2
1183	G1
9071	G3
23033	G2
2512	G5
2946	G5
8341	G5
3321	G3
30820	G2
55766	G2
5152	G3
5519	G3
5571	G3
143471	G1
6623	G3
151963	G3
54785	G5
57613	G3
84334	G3
64283	G3
10276	G3
115557	G5
51742	G3
55130	G2
40	G5
171023	G4
55252	G3
79572	G1
11041	G2
57597	G3
11177	G3
11176	G5
641	G3
55589	G3
23310	G3
727	G3
1291	G3
1302	G3
9820	G5
4519	G1
1662	G2
163259	G3
55635	G3
3981	G1
5424	G1
26098	G2
133584	G2
11117	G3
2050	G3
10945	G1
9700	G3
83715	G3
283635	G3
116151	G4
2157	G5
286077	G3
2268	G3
90167	G3
22844	G4
2533	G3
8888	G3
51301	G3
112937	G5
63917	G2
346562	G4
54856	G4
25960	G3
166647	G3
80000	G3
23127	G3
54676	G2
387751	
94239	G1
8520	G1
3050	G3
3070	G1
85441	G3
9653	G2
30811	G4
84668	G2
25900	G3
3547	G4
10320	G3
79781	G2
58494	G4
221037	G3
9851	G4
57562	G4
85452	G3
3872	G3
374454	G5
27133	G3
131096	G3
3780	G5
56479	G2
3787	G3
22992	G2
55818	G4
8284	G5
63971	G2
10749	G3
55582	G4
3801	G3
55857	G4
3885	G5
125113	G3
132884	G4
3948	G5
375323	G3
80131	G5
85444	G3
84125	G3
4041	G3
64101	G3
8425	G3
541468	G3
9064	G4
4121	G2
54627	G4
57506	G5
255231	G3
4175	G2
55784	G3
23389	G4
4210	G5
79674	G2
745	G3
133558	G4
10943	G2
8481	G3
9924	G1
56111	G5
5178	G5
8863	G3
5156	G2
5251	G3
63895	G2
114780	G3
5294	G3
5336	G3
55624	G3
63976	G3
254427	G4
23550	G5
7837	G2
57455	G3
64285	G3
395	G3
23433	G3
55183	G4
6011	G3
494115	G5
6041	G4
84172	G1
22904	G3
11280	G5
57715	G3
59343	G3
57337	G4
346288	G5
257218	G2
6493	G3
285335	G5
27127	G3
6525	G5
56928	G3
57213	G2
23145	G3
6776	G2
55576	G3
9754	G3
6778	G3
6793	G2
56164	G3
27148	G4
161497	G3
6836	G1
441151	G3
112714	G2
81027	G3
56165	G3
122402	G2
23371	G3
51106	G2
7038	G3
84948	G4
1678	G3
100131451	
54106	G3
757	G2
84910	G2
84629	G4
27327	G4
7156	G2
375337	G4
26133	G3
55128	G5
7226	G4
29850	G3
199223	G5
7322	G1
29855	G4
124739	G3
51720	G4
8633	G2
7399	G3
2324	G3
9525	G1
51542	G2
146177	G3
284403	G3
56964	G3
65267	G5
9849	G4
7455	G5
3096	G3
64397	G4
25925	G4
84215	G5
90850	G3
23060	G3
152485	G3
3021	G2
1292	G3
151393	G4
3645	G4
51313	G3
144195	G3
728116	G4
9348	G4
6318	G2
4157	G3
8314	G2
79092	G3
117159	G6
54901	G2
1755	G3
355	G3
7975	G2
4856	G4
440915	
342909	G6
441400	
28823	
3503	
23581	G5
5304	G5
3933	G5
100312954	
654364	G1
2992	G1
129138	G3
7799	G3
2953	G5
3498	
64146	G2
3963	G5
29944	G5
128371	G5
9401	G3
196294	G1
121441	G3
266553	G3
345079	G4
64757	G2
1668	G6
5145	G3
9875	G3
27065	G4
23218	G3
8736	G5
4583	G5
283463	G6
9110	G3
256957	G5
1379	G5
80315	G3
116228	G3
63967	G4
27141	G3
51652	G1
64793	G3
29965	G3
113201	G3
779	G3
8912	G3
54976	G3
165257	G3
79697	G2
672	G4
121601	G4
57101	G2
150709	G3
259173	G4
57538	G5
115701	G5
80216	G4
84962	G5
123624	G3
60312	G3
55803	G3
58489	G2
51104	G4
8647	G3
24	G3
342346	G4
642938	G3
388135	G3
2020	G3
4618	G3
9535	G2
79075	G2
127795	G5
84171	G3
338699	G4
4776	G3
4438	G1
348110	G3
149699	G5
5999	G3
64766	G5
8350	G2
10817	G3
55186	G1
2661	G3
344387	G5
53840	G6
55247	G3
22915	G4
151887	G3
55320	G5
9907	G3
388284	G5
80851	G3
23221	G2
136991	G3
131544	G5
10622	G3
599	G5
3167	G3
401409	G3
5966	G4
7083	G2
143872	G3
7579	G5
387849	G5
67694	
25941	G2
200844	G5
23251	G3
127703	G4
25966	G3
11163	G3
8331	G5
391634	
26094	G3
347688	G6
84299	G3
8342	G5
57414	G4
440686	
283820	G2
1282	G3
23543	G4
6235	G4
147040	G5
1277	G3
6166	G5
1264	G2
221749	G3
390637	G2
8933	G5
729403	
3324	
345041	
100133234	
728139	
392301	
8653	G1
3280	G3
647000	
642636	G2
2713	
645387	
728380	
113157	
653553	
305	
23633	G1
727826	
388344	
439992	
100132547	
643949	
402100	
649299	
653162	
284821	
441876	
388907	
8368	G2
100130446	
148014	G3
10044	G3
253152	G2
26140	G5
646875	
647285	
197257	G1
122553	G1
474383	G3
5715	G1
728953	
9470	G1
6242	G3
55190	G5
440567	G5
84340	G1
9784	G2
84084	G6
388275	
283106	G3
729708	
9391	G1
646949	
540	G3
116443	G4
3779	G4
10242	G3
5600	G3
6300	G3
5603	G3
4318	G3
4811	G3
4820	G4
9647	G2
6531	G3
23466	G3
25769	G2
9962	G3
3892	G5
79048	G3
221613	G5
8926	G5
3886	G5
1636	G2
2548	G1
5236	G1
8339	G1
55105	G3
4535	G2
26025	G5
5096	G2
7922	G1
51170	G4
6575	G1
11112	G1
56925	G3
80854	G3
4048	G1
57704	G2
79137	G3
5832	G2
4512	G1
231	G3
157807	G4
1063	G4
7290	G2
23523	G3
58499	G3
254048	G3
55341	G1
1488	G2
9092	G3
54623	G2
79813	G3
10146	G3
23560	G1
23211	G5
93986	G5
57459	G3
9839	G3
79577	G2
51222	G5
23028	G1
79684	
7546	G3
29117	G2
988	G1
283248	G3
81550	G3
10498	G2
23186	G2
200933	G2
79718	G4
54793	G2
6877	G1
64919	G3
23394	G3
23314	G3
1432	G1
65982	G5
64398	G2
6874	G3
9919	G3
4192	G3
9184	G1
1856	G2
27229	G2
79598	G3
8479	G5
6942	G4
29127	G2
23303	G2
11196	G3
79443	G3
100131755	G5
6935	G3
152206	G3
79874	G5
26128	G2
55975	G3
11078	G4
9658	G3
9321	G3
9666	G5
90102	G3
9278	G3
8379	G2
10743	G4
27342	G2
57610	G3
5584	G2
84124	G5
9759	G3
23616	G3
26031	G3
55127	G2
23216	G3
55596	G3
11169	G2
10483	G3
57556	G3
867	G3
131405	G2
11235	G2
8148	G4
23517	G1
10342	G3
10180	G4
92312	G3
55833	G3
8940	G2
9611	G3
57646	G3
53335	G3
56946	G3
6907	G2
607	G3
27125	G3
79872	G3
8861	G3
10270	G4
55728	G4
8841	G2
8202	G3
152185	G3
85458	G3
22794	G4
23309	G3
6434	G4
9500	G5
10933	G2
51070	G2
57631	G3
22890	G3
11335	G3
53615	G3
55193	G2
23293	G3
9753	G5
22978	G2
7145	G3
1730	G3
4163	G3
83478	G3
2009	G3
7586	G5
54468	G2
8767	G3
55885	G2
9079	G2
10534	G3
126374	G5
5587	G3
26091	G2
91754	G3
55749	G3
27043	G5
26168	G5
54881	G3
6117	G1
79707	G3
57418	G2
23195	G2
114991	G3
54434	G3
85464	G4
4775	G3
23659	G2
51256	G2
79832	G3
9747	G5
2290	G3
1859	G3
91304	G3
9856	G2
4172	G1
10460	G3
440730	G3
55809	G4
23598	G3
441381	G3
339453	G3
5027	G3
6198	G2
114781	G2
131578	G2
3700	G3
22870	G5
3697	G5
5063	G1
4839	G3
65244	G3
85439	G3
23234	G1
49854	G3
29843	G3
10664	G3
253738	G2
112939	G3
9972	G3
221178	G3
9817	G2
11083	G4
1388	G3
6737	G5
152503	G3
57657	G2
192669	G3
43	G1
97	G3
132	G2
158	G1
221	G1
320	G3
353	G1
443	G3
586	G1
1114	G4
1158	G3
1476	G3
1508	G2
1644	G1
1967	G1
1992	G3
2029	G3
2632	G1
2712	G5
2729	G1
2739	G1
2766	G3
2935	G1
2954	G2
3093	G1
3101	G4
3145	G1
3176	G3
3628	G2
3732	G2
4232	G3
4738	G1
4809	G1
4860	G1
4898	G3
5179	G3
5198	G2
5202	G2
5331	G3
5357	G3
5494	G3
5569	G4
5583	G3
5635	G3
5720	G3
5873	G2
5887	G1
6051	G3
6429	G4
6447	G3
6723	G1
6748	G2
7054	G2
7257	G1
7323	G3
7332	G3
7347	G1
7372	G2
8338	G2
8394	G2
8669	G2
8883	G2
8996	G5
9039	G1
9141	G1
9429	G1
9677	G3
9689	G2
9771	G3
9783	G3
9879	G1
10054	G1
10212	G2
10322	G2
10325	G2
10380	G2
10444	G2
10494	G2
10670	G1
10723	G3
10741	G3
10776	G3
10827	G2
11001	G1
11146	G2
11165	G2
23279	G2
23358	G3
23558	G4
25923	G3
27430	G1
28985	G1
29119	G4
29979	G2
30833	G5
51015	G1
51228	G2
51593	G2
54039	G2
54734	G5
56888	G2
56893	G3
56954	G1
57017	G1
57165	G5
57381	G3
57510	G2
58478	G2
58527	G3
64147	G3
65009	G3
79041	G3
79634	G2
80201	G3
80262	G2
84058	G3
84193	G1
84681	G3
84717	G4
84817	G2
84908	G2
91373	G3
91782	G2
92014	G2
92815	G5
94274	G5
128240	G1
145553	G1
170506	G2
197258	G2
200916	G5
282969	G3
283742	G4
285636	G3
317772	G2
345557	G3
401258	G5
654790	G6
723790	G5
2941	G5
3046	G3
354	G5
342574	G5
8346	G5
8370	G2
122970	G5
255626	G5
8345	G1
85236	G5
8348	G3
338391	
128312	G5
8334	G5
26084	G4
9787	G3
3758	G3
9467	G3
285590	G3
84889	G3
64847	G2
51729	G5
10127	G5
26146	G3
83706	G3
55335	G5
1602	G3
57590	G3
3040	G4
5816	G3
2812	G3
1349	G5
2747	G6
80273	G1
6392	G3
57458	G3
27154	G3
11037	G4
51155	G3
23564	G3
5348	G5
8447	G3
4504	G6
448834	G5
5645	G2
148808	G3
10134	G2
24141	G4
128580	
9363	G3
2022	G4
92840	G3
10326	G5
51311	G3
2081	G2
83872	G2
6487	G3
8603	G3
136332	G3
10234	G3
9884	G6
57728	G2
9060	G1
84987	G5
51373	G3
55245	G2
676	G3
9329	G3
3720	G3
79682	G3
4796	G2
55689	G3
29066	G3
91662	G5
8780	G2
6469	G2
51263	G3
11036	G3
29922	G2
55274	G2
91283	G4
116496	G3
26071	G6
253982	G5
650655	
10053	G2
1129	G3
6572	G2
1066	G3
107984640	
2645	G3
1803	G1
594	G1
116143	G2
26521	G2
2896	G3
79714	G2
8848	G4
2272	G1
728294	G1
2395	G3
25828	G2
23623	G5
11099	G3
9512	G1
883	G1
51569	G2
23413	G1
79902	G2
29928	G1
2653	G1
2232	G1
64077	G2
3959	G3
64976	G2
135114	G2
11091	G2
347051	G5
79169	G5
10254	G2
26034	G4
225689	G2
2940	G5
2054	G3
2312	G6
79869	G3
118987	G3
202559	G3
10656	G2
6331	G3
54842	G2
387712	G3
629	G3
92344	G3
8568	G2
29118	G4
23424	G3
51283	G4
5930	G5
23168	G2
55117	G3
6328	G4
4925	G2
25	G3
2799	G1
11234	G3
8289	G3
55296	G2
54677	G2
51633	G2
9172	G3
875	G1
51547	G2
26993	G4
51747	G4
54522	G3
51752	G3
11228	G2
221955	G2
57156	G3
11214	G4
83851	G3
56683	G2
22856	G2
23207	G3
60314	G1
57569	G4
23526	G3
51112	G2
6547	G2
5973	G3
23005	G2
10050	G5
80255	G1
84517	G5
51473	G3
56145	G5
9294	G3
717	G3
3558	G5
5746	G3
5210	G3
64377	G3
120071	G5
51179	G1
55170	G2
5187	G5
83844	G5
4299	G4
26153	G5
259282	G4
90799	G4
201134	G3
79825	G5
23379	G5
146705	G3
80007	G3
121457	G4
57821	G3
55083	G3
645369	G4
158358	G4
27063	G3
144501	G4
56203	G3
79165	G2
4147	G3
135935	G5
115992	G3
51255	G3
6405	G3
7869	G3
10509	G4
6720	G2
7005	G3
83659	G2
51127	G5
25879	G1
7504	G3
57109	G3
81555	G1
80823	G5
5427	G2
10655	G3
11077	G3
79954	G1
140886	G5
79871	G3
8462	G3
11159	G5
28991	G3
4975	G3
2869	G2
85012	G5
140606	G3
84289	G3
164592	G5
284541	G4
205428	G3
80198	G1
25802	G4
80157	G1
168544	G5
375686	G5
11013	
57016	G1
1021	G2
25780	G2
57111	G3
6856	G3
50617	G2
5255	G3
999	G3
56674	G3
8303	G3
89927	G3
5257	G2
2195	G2
9729	G3
10085	G3
2559	G2
8969	G5
11269	G2
5184	G2
29106	G3
64097	G2
581	G3
5876	G1
51776	G3
56131	G5
100652857	
51305	G2
25800	G3
7745	G5
5891	G2
65018	G2
269	G5
89932	G2
3931	G3
151449	G3
84072	G3
56256	G4
80326	G3
780	G3
3568	G4
644168	G3
864	G3
10992	G2
50509	G5
64131	G2
4104	G6
6659	G3
286828	
3010	G3
7137	G5
6773	G5
3937	G3
55707	G1
57217	G3
55423	G6
474170	G6
374819	G6
114659	G6
219293	G6
285849	
26795	
441531	G1
100652748	G3
100500804	
595097	
595098	
595099	
595100	
79999	
100874309	
2210	
100132417	
100507547	
378950	G6
4018	G6
677812	
100616408	
101060363	
692201	
100302138	
100996747	
752014	G6
693221	
767558	
122011	G2
81793	G5
647135	
653464	
100616371	
3250	G6
7278	G3
113457	G3
116936	
653857	
6791	
286887	G6
729873	G6
440434	
100996643	G6
9098	G6
128954	G6
1576	G1
125	G6
112401	G6
1565	G4
391003	G6
653510	
342538	G2
200895	G6
23519	
51032	G6
89832	
343563	G5
54809	G3
100288695	G6
3107	G6
79966	G2
139425	G6
645455	
144106	
3047	G5
80086	
4047	G1
4656	G3
4668	G2
475	G3
51596	G3
8864	G3
3920	G4
2938	G5
100287171	G2
2948	G5
6237	G3
150	G2
9168	
6612	G2
3156	G1
203100	G3
8366	G2
400966	G3
8343	G5
6431	G4
163175	G5
5644	G2
593	G1
55066	G2
80821	G2
115548	G2
24148	G1
10928	G3
9410	G1
6626	G1
6430	G4
1479	G1
9896	G1
11101	G2
8192	G2
64710	G3
55623	G2
9718	G1
160428	G2
81502	G2
51477	G1
8729	G2
55684	G2
10197	G2
3763	G3
55005	G1
8310	G2
170685	G6
129563	G1
84861	G2
4686	G2
27253	G3
7273	G3
23350	G2
132789	G1
9112	G2
5928	G1
6635	G5
6625	G5
10772	G4
29896	G3
7307	G3
9698	G3
84335	G5
124808	G2
27436	G4
4123	G1
9129	G1
10087	G2
83549	G3
54963	G3
54820	G3
55825	G1
6385	G3
114885	G3
114883	G2
10480	G1
79709	G3
93100	G2
5130	G2
131870	G3
143	G3
114884	G3
51260	G1
10291	G1
7264	G2
9213	G1
272	G3
84245	G1
27143	G3
3480	G2
2091	G1
51602	G1
6585	G3
64149	G3
9061	G1
23386	G2
122622	G1
24139	G2
35	G2
9427	G4
7791	G5
79058	G3
7353	G1
7408	G5
8881	G1
55902	G2
54521	G3
10300	G2
283987	G1
342979	G5
9144	G3
55858	G1
6565	G2
55526	G2
22949	G1
81932	G2
54407	G3
55757	G3
3958	G3
26273	G3
57722	G3
80896	G2
51292	G2
10425	G2
3699	G3
25973	G1
10590	G2
29952	G3
2634	G4
171586	G2
134147	G3
3437	G5
54887	G3
3383	G5
28960	G1
8572	G3
5699	G3
345	G5
28969	G3
885	G4
6522	G2
148641	G2
10669	G5
51002	G2
4174	G1
1676	G3
1687	G3
669	G3
51368	G3
51540	G2
27122	G3
10461	G3
57633	G3
8544	G1
92335	G2
3059	G4
57412	G3
58490	G2
4771	G2
57533	G3
5696	G1
51035	G1
10454	G2
183	G3
51022	G2
573	G3
2720	G2
151636	G4
8971	G5
9564	G3
59342	G2
51072	G1
5954	G3
7389	G1
55163	G1
6119	G3
23473	G1
4852	G3
64787	G3
84056	G2
140775	G3
55644	G1
328	G2
10311	G2
2671	G2
54431	G2
3614	G1
6470	G1
10802	G2
7485	G3
27254	G3
27440	G1
81606	G3
1346	G5
55500	G1
1861	G2
7275	G2
3572	G3
26018	G3
10352	G1
1522	G2
29925	G1
112942	G3
253558	G2
5863	G3
23274	G2
397	G3
202018	G2
23126	G3
55325	G2
648791	G3
6120	G1
6782	G2
84249	G3
4753	G3
60492	G3
85313	G1
50862	G2
8804	G2
84301	G2
64792	G3
5126	G2
79956	G1
64145	G2
10269	G1
54936	G2
1192	G3
79654	G3
26137	G3
5547	G2
149951	G3
2628	G1
3689	G3
204	G1
8925	G3
5471	G2
64853	G3
6251	G2
51603	G2
146206	G3
831	G4
125950	G5
1104	G1
25816	G2
196527	G3
9867	G3
10190	G2
9491	G2
953	G3
6652	G1
10956	G3
79657	G2
23184	G2
80335	G1
318	G2
83641	G3
149986	G1
54542	G3
256586	G3
92935	G1
283578	G4
148362	G2
25996	G1
4598	G1
5788	G3
5877	G2
29105	G2
25909	G4
10095	G3
65003	G1
10257	G2
22929	G2
91949	G2
116983	G3
22875	G2
219899	G2
6905	G1
5272	G5
26092	G5
83874	G2
80162	G2
4285	G1
51764	G3
10226	G3
54681	G3
4597	G1
5111	G1
55031	G2
374354	G2
8189	G2
84321	G2
54165	G2
3073	G3
51205	G1
29894	G2
81605	G2
80210	G3
7375	G2
51380	G3
55276	G1
55154	G2
54949	G1
8727	G2
220965	G3
23509	G2
663	G3
22827	G2
5796	G3
150274	G2
9636	G5
9938	G3
6834	G2
5203	G2
2549	G3
11060	G3
57531	G3
10533	G1
10277	G1
3693	G3
9252	G2
2889	G3
158038	G3
10162	G2
63935	G2
10013	G2
29108	G5
353116	G2
22934	G1
26088	G2
55591	G3
4013	G3
10000	G3
5261	G2
51060	G2
11164	G1
1121	G2
55671	G1
23464	G2
5189	G3
957	G1
55768	G1
88455	G2
254552	G2
947	G5
54467	G3
23600	G1
23640	G2
9125	G1
10618	G6
7536	G5
5296	G3
1355	G1
23148	G5
7432	G3
65264	G3
90411	G2
23190	G2
5412	G2
8624	G3
130589	G2
137964	G2
51095	G2
56953	G4
85021	G3
5201	G3
22818	G1
29926	G1
54545	G3
23586	G2
51251	G2
9688	G1
80349	G1
51004	G1
245812	G2
9909	G3
8436	G3
6749	G2
1827	G5
51647	G1
56061	G3
2246	G4
5774	G3
3988	G1
5147	G2
345611	G5
9416	G1
79183	G2
9295	G5
83714	G3
51253	G2
22803	G1
55119	G3
79726	G1
7150	G1
56259	G2
637	G4
113174	G3
3396	G2
89953	G3
60678	G2
60558	G1
10915	G2
283377	G3
64949	G3
56648	G4
51399	G1
29086	G3
81562	G1
158931	G5
29099	G3
729438	G3
65985	G1
23593	G3
6903	G2
6821	G1
112574	G2
91408	G2
51433	G2
997	G3
23456	G1
7073	G2
28998	G1
55219	G2
64708	G1
10286	G2
112812	G1
5641	G2
8021	G4
9885	G2
54987	G1
54662	G1
60559	G2
5592	G2
2982	G3
967	G2
56005	G3
203054	G1
27335	G1
4507	G1
55095	G3
9197	G1
32	G3
11260	G1
9530	G4
51692	G1
10553	G2
51019	G2
960	G4
55250	G1
83891	G2
10946	G2
4885	G3
55278	G1
5496	G2
8985	G2
7095	G3
56983	G2
6307	G1
84328	G2
29907	G3
64746	G3
5360	G3
56915	G1
4514	G1
80011	G2
1207	G3
51510	G1
57678	G2
84311	G2
25915	G2
9750	G3
64342	G3
140609	G2
55234	G2
5763	G5
5033	G2
11079	G1
267	G2
5608	G2
84272	G2
51389	G2
333	G3
3684	G3
54812	G3
10099	G3
80143	G3
2937	G1
79033	G2
84920	G1
53	G2
7405	G3
4864	G1
85378	G4
54878	G2
22828	G3
147339	G3
8649	G2
9604	G5
84324	G3
4122	G2
55313	G3
5824	G2
9219	G3
57147	G3
92906	G4
124540	G2
157769	G2
51094	G1
5805	G2
51451	G2
246184	G3
1478	G3
2052	G1
6780	G5
57819	G1
51119	G1
5188	G1
552900	G5
145482	G1
29937	G3
55573	G3
63874	G2
9716	G1
5723	G2
79178	G3
2289	G3
23172	G3
10695	G2
5885	G2
84693	G2
2762	G2
25820	G1
9973	G1
113146	G4
54776	G3
160760	G1
26528	G5
84498	G3
10589	G3
84618	G3
7265	G2
10245	G1
8498	G5
9871	G3
5274	G2
141	G4
55108	G3
836	G2
7341	G2
2588	G3
30001	G1
1113	G5
6332	G5
51142	G2
154807	G2
23173	G1
5371	G4
9406	G3
27163	G2
3052	G1
1371	G1
2517	G1
4931	G1
23192	G1
51411	G5
51150	G2
2717	G1
25939	G3
22894	G1
5238	G1
11054	G4
9577	G3
3422	G1
4064	G3
2760	G3
9843	G4
133619	G3
84705	G1
94056	G2
200186	G5
60681	G3
134510	G2
79631	G1
54997	G3
51020	G1
65109	G3
150356	G3
84706	G1
25938	G3
84955	G2
54102	G5
8721	G1
2593	G3
6017	G2
27129	G3
10501	G3
79017	G2
149345	G3
79172	G3
4125	G2
2346	G6
23042	G2
6695	G3
5303	G1
252983	G3
54629	G1
140733	G2
53938	G1
64080	G1
8646	G2
2583	G3
5947	G3
26007	G1
653361	G3
127018	G2
10066	G3
389643	G3
435	G1
2990	G2
2214	G5
5229	G2
6319	G2
28970	G2
9770	G3
2015	G5
221914	G5
270	G3
9188	G3
6629	G2
6891	G3
6892	G3
4267	G5
57198	G2
86	G2
5777	G3
23729	G2
9902	G3
6829	G1
8857	G3
57466	G5
83666	G3
55760	G3
55191	G1
4938	G5
160777	G4
23760	G2
5018	G1
5721	G3
4154	G3
79792	G5
3683	G3
79132	G3
54857	G3
64359	G3
112849	G3
84181	G3
6789	G4
112817	G1
27332	G5
283489	G4
6890	G3
115362	G5
819	G3
3068	G4
84275	G3
79873	G2
60481	G1
29780	G2
83638	G3
50810	G3
26073	G2
80301	G4
92579	G3
84267	G1
10847	G5
57707	G3
135293	G1
56269	G5
1910	G3
10783	G3
92483	G5
84795	G2
27069	G2
695	G3
91703	G3
254295	G1
8987	G5
275	G1
90522	G2
337876	G2
54978	G1
3840	G2
6383	G3
6732	G2
5098	G4
51166	G1
54578	G5
55057	G5
578	G4
29083	G3
5899	G3
10591	G3
10360	G4
338382	G4
51115	G2
1719	G1
5698	G3
51501	G1
1512	G3
81610	G3
56952	G3
27306	G2
28511	G3
51128	G2
7409	G2
2222	G1
968	G5
84309	G4
5514	G3
5351	G3
383	G1
1016	G4
6993	G2
5122	G2
9152	G2
8360	G1
8263	G3
124	G6
83592	G5
220	G3
56172	G3
163782	G4
65124	G3
10139	G1
409	G3
79415	G3
51272	G3
635	G3
796	G5
10203	G2
9607	G5
51287	G5
1373	G3
51379	G3
1514	G5
26099	G3
55208	G1
196385	G2
9166	G3
50848	G3
152273	G4
2589	G2
100126572	
94235	G3
26061	G1
81888	G2
130026	G2
25948	G3
4620	G4
4632	G1
29895	G2
4690	G2
4843	G3
54872	G2
5373	G1
64092	G3
23753	G3
9403	G2
5265	G3
50859	G2
8859	G3
25870	G3
7077	G3
345757	G4
80723	G3
9094	G2
219333	G1
84669	G2
84219	G1
51082	G1
95681	G3
80318	G3
10944	G3
135154	G3
83642	G3
84281	G5
51241	G3
388753	
64897	G5
203259	G3
51765	G2
100130890	
83543	G3
51714	G2
79591	G1
8882	G1
1259	G3
10542	G3
6636	G1
29072	G3
10388	G4
9149	G3
5137	G2
90488	G3
5871	G3
54414	G3
3151	G6
8644	G5
56829	G4
50855	G3
333926	G4
55233	G1
388552	G5
414149	G2
8226	G2
6817	G3
55330	G3
79624	G1
60526	G2
9104	G1
10457	G3
4508	G2
126393	G5
28989	G1
7512	G3
3105	G3
554235	G2
51339	G3
4921	G2
153443	G3
50943	G5
79153	G3
3490	G3
23471	G2
84063	G5
54800	G3
115804232	
26524	G3
3987	G2
10233	G3
9242	G3
200232	G6
348932	G2
55816	G4
51078	G2
7498	G1
440275	G1
23299	G2
2241	G2
24145	G3
57522	G2
6811	G1
57463	G3
11338	G1
79084	G3
9381	G2
776	G2
147183	G5
100188893	G5
154790	G5
6567	G3
2986	G3
50485	G2
10198	G4
7707	G3
3675	G4
29102	G2
2861	G3
6150	G2
84961	G1
659	G3
57048	G2
64849	G2
23545	G3
23166	G3
587	G1
54902	G2
26173	G2
290	G2
10650	G1
7268	G1
8821	G3
401505	G6
64689	G4
50999	G2
2790	G3
65005	G2
2135	G3
55898	G4
2563	G3
90806	G2
51426	G1
114798	G3
80705	G3
1040	G1
2956	G1
9862	G2
6586	G3
91039	G2
6595	G1
79590	G2
91942	G3
57176	G3
57129	G2
64975	G3
92105	G2
7329	G1
54453	G3
83986	G3
23272	G3
5288	G3
134265	G4
128853	G4
56963	G3
9526	G1
116173	G5
51026	G1
778	G3
2565	G3
2779	G3
6571	G2
84159	G3
219681	G3
80070	G4
11173	G2
1289	G3
6541	G2
1663	G1
54514	G2
11056	G1
1788	G3
29940	G3
1829	G3
79767	G3
91689	G4
2034	G3
2065	G4
79675	G3
2175	G3
2176	G3
2260	G3
2348	G3
80233	G3
51057	G2
339896	G2
155038	G4
26035	G2
57452	G3
51291	G3
212	G1
22858	G4
3674	G3
285600	G3
55196	G5
85449	G4
27330	G3
3993	G3
442721	G3
79836	G4
4296	G5
9020	G3
9665	G4
4148	G4
9656	G5
4343	G4
8714	G1
10057	G2
83540	G3
57523	G5
58505	G2
146183	G3
139562	G5
100137049	G4
79728	G4
25891	G3
51230	G4
55367	G3
130271	G3
284352	G3
374462	G3
9400	G1
51455	G2
57186	G3
114804	G3
6098	G2
51023	G2
388015	G5
6574	G1
10051	G1
92017	G3
114815	G3
56155	G4
79613	G3
8073	G3
8989	G2
26995	G2
151613	G3
57663	G5
57695	G3
7374	G1
10813	G2
23262	G2
152002	G2
63934	G5
4607	G3
56301	G3
6830	G1
203447	G5
114548	G4
152110	G6
172	
91807	G4
4552	G2
22823	G3
84902	G3
22897	G4
493860	G5
130940	G4
255101	G3
57545	G2
841	G3
55259	G3
26005	G3
79868	G3
132612	G3
51703	G2
81926	G3
101060146	
10403	G3
26574	G2
7297	G3
26097	G5
6631	G5
54958	G3
79158	G3
85302	G4
23064	G3
3158	G4
10194	G3
64759	G4
27109	G2
84231	G3
64928	G2
80789	G3
84661	G3
54995	G1
10607	G1
26263	G3
4436	G1
29093	G2
202052	G3
9382	G2
25766	G1
8854	G1
51103	G2
116540	G3
6674	G2
1841	G1
126917	G3
5159	G3
57103	G4
9894	G3
57038	G1
1303	G3
9639	G3
5476	G1
10274	G2
10573	G2
80205	G3
7913	G4
60528	G1
64960	G3
84953	G5
5935	G5
64951	G2
90480	G3
51650	G2
79677	G2
94120	G4
91056	G5
23132	G2
81794	G3
79039	G1
2073	G4
91828	G3
165186	G4
11227	G4
55204	G1
221393	G5
2868	G3
284110	G4
92797	G3
29911	G3
1964	G1
57536	G3
80853	G3
124602	G2
3891	G5
246	G5
201255	G3
23139	G3
5243	G1
5598	G1
10335	G3
10204	G1
4536	G2
57223	G2
255189	G3
200373	G3
5190	G3
23133	G3
55023	G2
23533	G3
83483	G5
5979	G3
29074	G2
116541	G3
64968	G3
54460	G2
6498	G3
6660	G3
10735	G2
9014	G3
93594	G3
51300	G2
9874	G2
80263	G2
9724	G3
8531	G4
440590	G5
4929	G3
58484	G5
79612	G1
4585	
26074	G4
146059	G2
148870	G5
84865	G5
126402	G3
57332	G3
8846	G2
662	G2
7555	G1
6902	G2
51614	G2
4482	G1
1716	G3
51506	G2
55173	G2
54557	G1
57102	G2
79587	G2
55471	G1
9673	G2
131076	G2
6330	G3
9194	G3
79734	G3
81671	G2
55168	G3
83544	G2
6001	G4
10955	G3
440574	G3
79731	G1
127700	G2
411	G1
221823	G5
594855	G3
389203	G4
100507421	G3
25819	G2
258010	G5
83871	G3
5925	G3
203228	G3
9016	G3
10577	G2
956	G3
10166	G2
10450	G2
140809	G2
54918	G3
4539	G5
10063	G3
1798	G1
9364	G2
285598	G3
8733	G1
60386	G1
54943	G2
29995	G3
85315	G2
7319	G2
51397	G3
51375	G3
400916	G3
5800	G3
349565	G5
7390	G2
6609	G1
64981	G5
689	G2
83930	G3
2339	G1
10253	G3
113178	G3
10809	G2
6399	G1
23625	G3
27293	G2
29880	G1
6901	G1
665	G3
55658	G2
84276	G3
55861	G4
410	G3
56270	G2
51027	G2
1027	G3
222234	G3
84105	G1
51012	G1
80218	G3
11102	G3
92482	G3
401612	G5
130355	G3
344558	G4
81790	G2
729475	G5
55554	G5
51372	G5
144535	G3
7328	G1
83943	G1
283459	G2
373	G2
84061	G3
5998	G4
5827	G3
81544	G3
221079	G3
1946	G3
57150	G3
114879	G1
64755	G2
10229	G1
58511	G2
55742	G2
401207	G3
2230	G2
60482	G2
205327	G2
83440	G2
162466	G3
90121	G3
27235	G1
5437	G2
254042	G2
3355	G2
81551	G3
80834	G5
79139	G2
84269	G3
252839	G2
2582	G1
2787	G3
8660	G3
55795	G1
348801	G5
9261	G3
80153	G2
5173	G3
121256	G3
23014	G3
123606	G3
57642	G4
151195	G3
8941	G4
145173	G2
407738	G3
9113	G3
140700	G3
84893	G3
54602	G3
439921	G6
53942	G3
113730	G5
134549	G5
54810	G3
9333	G5
2888	G3
118788	G3
6446	G2
388121	G3
84978	G3
84057	G1
91574	G3
57182	G3
55321	G3
92181	G2
338811	G3
222546	G3
286464	G4
11124	G2
3249	G2
56171	G2
30010	G3
1757	G1
3998	G2
6530	G2
56261	G2
201780	G4
147965	G5
55850	G2
1103	G2
349149	G5
9180	G4
84131	G3
8673	G3
404636	G3
200185	G2
6524	G3
598	G3
55072	G3
3594	G4
90871	G5
64983	G3
22846	G3
54455	G3
50484	G3
10671	G2
23333	G2
126119	G2
389541	G3
55020	G2
10157	G1
79064	G2
23769	G3
83460	G2
388789	
55773	G2
51194	G1
23264	G4
80097	G3
124641	G2
255027	G2
100128569	G5
440957	G5
84905	G3
142679	G2
170622	
375307	G3
152926	G3
51021	G2
27258	G2
57721	G1
79717	G1
283212	G3
9895	G3
80183	G4
10465	G1
80006	G1
25945	G4
285521	G2
374659	G2
54512	G1
60561	G1
257068	G2
80308	G1
440145	G3
56942	G3
1955	G3
200407	G3
79716	G2
10616	G3
9681	G2
79029	G3
92597	G2
65990	G3
10137	G3
140801	G2
92106	G3
10184	G3
114881	G4
79574	G3
60490	G1
119559	G3
1520	G3
28971	G3
115416	G4
3750	G3
128989	G2
56910	G2
84545	G2
93058	G2
128486	G2
83636	G2
728489	G4
56943	G3
27257	G1
645191	G3
84988	G2
8260	G2
338692	G2
51074	G1
29945	G2
51264	G2
91647	G1
23768	G3
23130	G2
160851	G2
145853	G2
84306	G2
23508	G3
4717	G5
79038	G3
8139	G3
57192	G3
84418	G6
79752	G1
2882	G1
55178	G2
56704	G3
8270	G3
84270	G3
654429	G3
51258	G3
56157	G5
93487	G4
1353	G1
80305	G2
119032	G3
51122	G3
22845	G3
57595	G3
100505876	
153339	G1
23469	G4
22876	G2
374882	G3
255919	G2
9997	G3
51454	G2
54344	G3
222255	G4
113675	G1
312	G2
130612	G3
9409	G1
8483	G3
11157	G1
9855	G2
28972	G3
55129	G2
6675	G1
56241	G2
51763	G3
63933	G4
55572	G2
57125	G4
51642	G3
84890	G2
192668	G5
55323	G3
29103	G3
57154	G3
112858	G1
9107	G1
6602	G2
11161	G3
93627	G2
387787	G1
112483	G1
643866	G5
339487	G2
54968	G2
375484	G5
57171	G1
196743	G3
7092	G2
9616	G2
124045	G5
9882	G3
10289	G3
51588	G3
9325	G2
28977	G3
23480	G2
27010	G2
79140	G3
29883	G1
78988	G3
51390	G2
51691	G2
54926	G1
6728	G2
766	G2
84277	G4
4708	G3
63931	G2
51504	G2
388722	G5
3654	G3
286257	G5
84317	G3
162427	G3
192286	G3
55052	G2
26065	G3
81034	G1
151651	G3
8905	G1
10478	G1
50512	G4
84315	G1
51249	G3
83723	G2
23585	G2
79411	G2
4943	G3
26235	G2
118426	G2
112487	G3
54951	G3
84065	G2
51522	G3
399512	G1
219402	G3
150684	G3
7105	G2
59286	G1
23632	G3
124817	G3
114822	G3
51430	G3
25904	G2
3775	G2
55014	G2
7172	G3
23463	G1
161253	G5
79719	G3
10280	G1
977	G2
51310	G3
51654	G2
10682	G1
2258	G3
81858	G3
4162	G3
55871	G1
114757	G3
51085	G5
55829	G3
81706	G3
4795	G3
26472	G3
339479	G3
10231	G2
121278	G2
94122	G3
152137	G4
57172	G3
157567	G3
10237	G1
57001	G2
94103	G1
10011	G3
51099	G2
283237	G3
57827	G5
6992	G3
10404	G2
55788	G1
90507	G3
10667	G1
115024	G2
51669	G2
79109	G2
390916	G2
255374	G2
55297	G4
148223	G5
157657	G3
4338	G1
79934	G2
2939	G4
201626	G2
10101	G1
79072	G3
79786	G3
403313	G2
414919	G2
57085	G3
9317	G2
3765	G3
8934	G4
25981	G3
10282	G2
3717	G3
54471	G3
80772	G2
10422	G2
11019	G1
8560	G3
51324	G3
29090	G2
54675	G2
116238	G3
57179	G3
54931	G2
196500	G4
140739	G2
100996939	G3
84696	G1
11267	G1
56180	G2
79644	G2
84320	G2
79144	G3
56006	G3
90809	G2
83475	G1
222662	G2
51527	G3
266812	G5
140838	G2
54974	G1
6048	G3
55101	G3
123263	G2
83862	G2
23341	G2
200014	G3
285613	G5
64400	G2
79748	G5
147007	G3
201191	G3
284615	G3
10186	G3
6014	G2
55793	G3
29058	G3
503542	G5
55273	G3
201965	G2
55256	G2
51110	G1
90416	G3
83590	G3
123207	G2
23568	G2
64172	G2
54516	G1
196463	G2
137872	G1
80775	G2
87769	G2
8446	G2
9538	G2
84522	G3
80774	G3
27351	G1
79031	G1
130617	G2
154791	G3
51117	G1
401152	G5
84326	G2
54946	G5
55486	G1
23399	G1
26136	G2
79888	G2
125488	G2
516	G4
3938	G3
2342	G2
8344	G5
147381	G4
59084	G2
4814	G3
6415	G3
7320	G1
166	G3
1381	G3
7326	G1
5092	G2
11337	G3
23557	G3
199	G5
6777	G2
1606	G3
2028	G2
407	G3
10941	G5
5495	G2
5771	G2
6532	G3
1800	G1
175	G1
157	G2
2875	G1
2984	G3
1036	G1
5770	G3
5502	G5
8034	G1
761	G4
80776	G2
1962	G3
567	G3
1392	G3
5664	G2
10196	G1
8312	G3
1120	G2
10567	G2
5801	G3
113444	G3
339983	G3
221710	G3
2647	G2
27242	G3
55761	G3
54442	G2
64855	G3
90624	G3
201229	G3
57149	G3
79184	G4
79133	G1
497661	G5
400224	G2
644096	G3
91289	G2
147463	G2
56134	G3
51340	G1
80790	G3
6376	G5
28232	G3
51499	G3
262	G1
23452	G3
9776	G3
153241	G3
91522	G3
81035	G3
64784	G3
51428	G2
79009	G5
140876	G3
2209	G5
388698	G6
3034	G2
8355	G2
10642	G2
10643	G3
4176	G1
57534	G2
79983	G4
10418	G2
7051	G2
85451	G3
51538	G5
55205	G3
51333	G5
126	G4
102724023	G3
1646	G5
474384	G3
10384	G3
3118	G5
441518	G5
8290	G2
153743	
220717	
83955	
10357	
388799	G5
645027	
440804	G5
9576	G3
