id	name	K
0	1000	2
1	10005	7
2	10006	1
3	10007	4
4	10014	2
5	10015	1
6	10016	2
7	1002	2
8	10021	2
9	100287932	0
10	10043	2
11	10044	2
12	10048	2
13	10049	5
14	10054	4
15	10055	2
16	10056	7
17	10058	5
18	10059	3
19	10061	7
20	100653515	3
21	10067	7
22	10072	3
23	10075	2
24	10076	2
25	10079	2
26	1008	4
27	1009	4
28	10092	6
29	10093	6
30	10094	6
31	10096	6
32	10097	5
33	10100	3
34	10102	5
35	10105	3
36	10109	6
37	10111	6
38	10113	3
39	1012	4
40	10120	6
41	10121	5
42	10125	4
43	10127	5
44	10128	7
45	10129	4
46	1013	3
47	10130	2
48	10131	4
49	10133	6
50	10135	2
51	10142	6
52	10146	4
53	10147	3
54	10152	4
55	10154	7
56	10155	2
57	10156	4
58	10159	3
59	10160	7
60	10163	2
61	10165	3
62	10178	2
63	10180	7
64	10188	1
65	10189	2
66	102	1
67	1020	1
68	10207	1
69	10209	2
70	10211	2
71	10212	4
72	10213	5
73	10228	3
74	10235	4
75	10236	2
76	10238	3
77	10239	4
78	10240	3
79	10243	2
80	10247	4
81	1025	2
82	10250	2
83	10270	7
84	10273	1
85	10276	1
86	10287	5
87	10290	3
88	10294	7
89	10295	2
90	10296	3
91	10297	6
92	103	6
93	10313	0
94	10314	0
95	10319	2
96	10320	4
97	10322	2
98	10328	7
99	10330	3
100	10342	2
101	10343	4
102	10350	0
103	10367	0
104	10369	4
105	10376	2
106	10380	6
107	10381	2
108	10382	5
109	10383	7
110	10391	3
111	103910	6
112	10395	2
113	10396	4
114	10397	2
115	10398	4
116	10399	2
117	104	3
118	10409	3
119	10411	5
120	10419	7
121	10423	3
122	10424	0
123	10426	3
124	10427	5
125	10428	7
126	10432	7
127	10434	5
128	10439	4
129	10440	4
130	10444	3
131	10447	3
132	10449	0
133	10452	0
134	10455	7
135	10456	2
136	10458	1
137	10460	5
138	10466	4
139	10469	3
140	10471	5
141	10476	3
142	10482	6
143	10483	7
144	10484	5
145	10486	2
146	10487	2
147	10490	0
148	10492	7
149	10493	0
150	10494	2
151	10497	0
152	10498	7
153	10499	7
154	10507	7
155	10514	3
156	10521	7
157	10525	3
158	10527	5
159	10528	6
160	10529	6
161	10534	7
162	10536	5
163	10539	4
164	10540	6
165	10541	2
166	10549	2
167	10550	0
168	10554	2
169	10564	7
170	10565	4
171	10570	2
172	10574	7
173	10575	2
174	10576	7
175	10579	7
176	10580	2
177	10587	3
178	10592	6
179	10594	2
180	10598	2
181	10605	3
182	10606	4
183	10611	5
184	10612	4
185	10613	6
186	10615	6
187	10617	7
188	1062	2
189	10620	3
190	10627	2
191	1063	2
192	10632	7
193	10636	5
194	10640	4
195	10645	2
196	10651	3
197	10652	3
198	10657	7
199	10658	2
200	10659	2
201	10664	2
202	10670	7
203	10672	5
204	10675	0
205	10681	5
206	1069	7
207	10690	0
208	10693	6
209	10694	6
210	1072	1
211	10723	7
212	10724	2
213	10726	5
214	10728	2
215	1073	2
216	10730	3
217	10743	2
218	10749	2
219	10752	4
220	10755	2
221	10763	5
222	10765	3
223	10767	3
224	10768	7
225	10769	2
226	10787	5
227	10788	7
228	108	3
229	1080	1
230	10801	5
231	10804	0
232	10808	6
233	10810	4
234	10814	0
235	10815	0
236	10817	4
237	10818	1
238	10827	0
239	10840	3
240	10844	5
241	10845	3
242	10856	6
243	10857	3
244	10869	5
245	10884	0
246	10890	7
247	10891	2
248	109	2
249	10900	4
250	10901	7
251	10908	4
252	10910	5
253	10916	7
254	10919	6
255	10920	4
256	10921	7
257	10923	5
258	10933	2
259	10935	7
260	10938	0
261	10939	3
262	10943	2
263	10945	2
264	10949	7
265	10952	7
266	10953	5
267	10959	7
268	10960	2
269	10961	2
270	10963	5
271	10965	3
272	10970	3
273	10971	1
274	10972	2
275	10973	6
276	10979	5
277	10980	2
278	10982	6
279	10987	2
280	10988	4
281	10989	3
282	10994	3
283	10999	4
284	11001	4
285	11004	3
286	11007	4
287	11011	4
288	11020	6
289	11021	6
290	11022	3
291	11031	7
292	11033	2
293	11034	2
294	11041	3
295	11047	2
296	1105	2
297	11051	2
298	11052	7
299	11059	7
300	11064	5
301	11069	2
302	11075	4
303	11076	2
304	11078	7
305	1108	7
306	11080	3
307	11083	2
308	111	3
309	11100	7
310	11112	0
311	11113	2
312	11117	4
313	11122	2
314	11127	2
315	11130	5
316	11135	2
317	11138	2
318	1114	2
319	11140	6
320	11141	4
321	11146	7
322	11151	4
323	11152	7
324	11160	5
325	11163	4
326	11165	2
327	11168	7
328	11169	4
329	11170	4
330	11171	2
331	11176	2
332	11177	7
333	11178	4
334	11180	7
335	11188	2
336	11190	7
337	11196	7
338	11197	2
339	11198	6
340	112	0
341	11216	1
342	11217	7
343	11221	2
344	11222	0
345	11224	3
346	1123	2
347	11230	0
348	11231	5
349	11235	3
350	112476	0
351	11248	2
352	11252	1
353	11253	2
354	11258	6
355	11259	3
356	11261	2
357	11273	4
358	112755	0
359	11276	7
360	1128	2
361	112802	4
362	112840	4
363	112936	4
364	112939	2
365	1130	2
366	1131	5
367	11311	5
368	11313	4
369	11315	5
370	113157	4
371	11316	5
372	113201	0
373	113246	3
374	11331	2
375	11332	2
376	11333	7
377	11334	2
378	11335	7
379	11336	7
380	11343	3
381	11344	2
382	11345	2
383	11346	2
384	114088	6
385	114134	3
386	114294	3
387	114327	6
388	114569	0
389	1147	2
390	114780	3
391	114784	2
392	114786	2
393	114787	7
394	114789	7
395	114793	7
396	114801	0
397	114824	4
398	114827	3
399	114876	2
400	114880	3
401	114882	7
402	114900	3
403	114928	4
404	114971	4
405	114991	4
406	115	2
407	115098	7
408	1152	6
409	115207	4
410	115286	4
411	1153	7
412	115361	4
413	1155	3
414	115557	2
415	115701	3
416	115703	2
417	115704	5
418	1158	5
419	115811	5
420	115817	5
421	115827	3
422	1159	5
423	115948	4
424	1160	0
425	116151	0
426	116228	0
427	116442	4
428	116443	2
429	116835	4
430	116841	3
431	116931	2
432	116984	2
433	116985	2
434	116986	2
435	116987	7
436	116988	4
437	117	3
438	117145	0
439	117159	0
440	117177	5
441	1173	2
442	1174	4
443	1175	7
444	1176	4
445	118	7
446	1181	5
447	1182	3
448	118427	4
449	1186	0
450	118812	2
451	118881	3
452	119	2
453	1191	2
454	12	2
455	120	2
456	1200	7
457	120892	2
458	1209	0
459	1211	3
460	1212	4
461	1213	2
462	121391	4
463	121441	5
464	121504	7
465	122402	5
466	122553	0
467	122961	5
468	123283	6
469	123591	5
470	123879	7
471	124044	6
472	124739	7
473	124801	0
474	124995	2
475	124997	3
476	125113	4
477	125115	4
478	125988	0
479	126003	2
480	126006	3
481	126133	2
482	126298	4
483	126374	2
484	1264	4
485	1266	7
486	1267	2
487	1268	2
488	1271	2
489	1272	2
490	127281	2
491	1277	2
492	127703	4
493	127731	3
494	127795	4
495	1278	3
496	127829	4
497	127833	0
498	128	3
499	128178	5
500	1282	4
501	128312	3
502	1284	3
503	128866	2
504	128869	7
505	129049	7
506	1291	4
507	129138	2
508	129285	2
509	1293	4
510	129446	3
511	129684	3
512	129807	4
513	1302	5
514	130507	3
515	1307	7
516	130813	4
517	131034	2
518	131096	4
519	131118	0
520	1312	0
521	1314	6
522	131405	6
523	131474	3
524	1315	2
525	131544	3
526	131873	6
527	132001	4
528	132204	0
529	132299	4
530	132320	5
531	1327	0
532	132864	3
533	132884	0
534	1329	4
535	133121	0
536	133558	4
537	133686	7
538	1337	2
539	133746	4
540	133957	3
541	1340	3
542	134492	3
543	1345	0
544	1347	7
545	134829	5
546	134957	0
547	1350	0
548	1356	2
549	1362	3
550	1363	2
551	136319	5
552	1374	3
553	138311	5
554	1384	2
555	1386	1
556	1387	7
557	139065	7
558	139322	3
559	139341	0
560	1397	4
561	1398	1
562	139818	7
563	1399	1
564	1400	2
565	140460	5
566	140465	6
567	140469	2
568	140576	4
569	140679	0
570	140710	6
571	140735	2
572	140803	4
573	140807	4
574	140823	0
575	140885	5
576	1410	2
577	142	7
578	142678	6
579	1428	4
580	1429	4
581	143098	2
582	1431	7
583	1432	1
584	1434	2
585	143425	0
586	143471	5
587	1436	1
588	143884	4
589	144100	5
590	144165	5
591	144402	2
592	1445	1
593	1452	6
594	1453	2
595	1454	5
596	1455	7
597	145508	5
598	145567	1
599	145581	4
600	1456	7
601	1457	7
602	145773	5
603	1459	2
604	1460	2
605	146177	3
606	146223	0
607	146395	4
608	1464	7
609	1465	0
610	146691	2
611	146754	3
612	1468	5
613	1471	2
614	147179	2
615	1476	2
616	147746	2
617	147906	5
618	148252	5
619	148281	4
620	1487	2
621	148753	0
622	1488	2
623	149111	0
624	149371	4
625	149465	4
626	1495	6
627	149699	3
628	1499	1
629	1500	5
630	1501	2
631	150209	2
632	1503	3
633	1508	2
634	1509	2
635	150962	4
636	151011	1
637	151056	5
638	151393	0
639	151742	2
640	151963	6
641	152007	5
642	152100	3
643	152185	5
644	152206	4
645	1523	2
646	152330	3
647	152404	4
648	152485	3
649	1525	7
650	152503	2
651	152789	5
652	1528	4
653	153090	2
654	1537	7
655	153733	6
656	1540	5
657	154043	5
658	154661	6
659	154796	6
660	154810	2
661	156	2
662	157285	2
663	157378	3
664	157680	7
665	157807	4
666	157922	5
667	158	5
668	158471	2
669	1595	7
670	159989	6
671	16	4
672	160	7
673	1600	2
674	1602	5
675	160418	5
676	1605	2
677	160622	1
678	161	2
679	1610	3
680	1612	1
681	1613	6
682	161436	3
683	1615	2
684	161725	3
685	161742	2
686	162	2
687	1620	2
688	1622	6
689	1627	2
690	1629	5
691	163	2
692	1630	2
693	1632	7
694	163259	3
695	1636	2
696	1639	5
697	164	5
698	1641	4
699	1642	2
700	1645	2
701	1650	0
702	165215	2
703	1653	6
704	1654	6
705	1655	7
706	1656	6
707	1657	3
708	1660	7
709	1662	7
710	166336	4
711	1665	5
712	1666	6
713	166614	6
714	166647	2
715	166785	3
716	1674	4
717	167691	5
718	1678	3
719	170690	4
720	170692	4
721	170961	2
722	171023	2
723	171024	1
724	1717	7
725	1723	4
726	1727	0
727	1728	4
728	1729	2
729	1730	2
730	1731	5
731	1737	0
732	1738	6
733	1739	1
734	1740	1
735	1741	1
736	1742	1
737	1743	3
738	1756	4
739	1759	1
740	176	2
741	1762	3
742	1763	3
743	1767	2
744	1769	2
745	177	2
746	1778	5
747	178	4
748	1780	5
749	1781	5
750	1783	5
751	1785	2
752	1786	7
753	1793	1
754	1794	4
755	1795	2
756	18	2
757	1804	2
758	1808	2
759	1809	3
760	1819	6
761	1821	2
762	1828	3
763	1832	6
764	1837	2
765	1838	4
766	1845	2
767	1846	5
768	1854	2
769	1855	5
770	1856	6
771	1857	6
772	1859	2
773	1891	3
774	1892	7
775	19	1
776	1901	3
777	191	6
778	1915	2
779	1917	2
780	192111	4
781	192666	4
782	192669	6
783	192683	0
784	1933	3
785	1936	7
786	1937	2
787	1938	3
788	1947	2
789	1948	6
790	1951	2
791	1952	7
792	1954	4
793	1956	1
794	1958	2
795	196051	3
796	196374	4
797	196403	2
798	1965	2
799	1967	4
800	1968	7
801	1969	1
802	197131	2
803	1973	2
804	197322	5
805	197358	4
806	1974	3
807	1975	2
808	1977	4
809	1981	2
810	1982	2
811	1983	2
812	1984	5
813	199223	5
814	1993	3
815	1994	2
816	1995	2
817	1996	4
818	199731	7
819	199953	3
820	2	1
821	20	2
822	200081	4
823	200162	4
824	200205	0
825	200424	5
826	200576	2
827	200734	5
828	200844	4
829	2009	3
830	200933	3
831	2010	3
832	2011	1
833	201161	3
834	201475	4
835	201562	0
836	201595	3
837	201625	4
838	2017	1
839	2020	4
840	2021	3
841	2023	2
842	202333	3
843	2026	2
844	2027	6
845	2029	2
846	203	3
847	203068	2
848	203238	4
849	2033	7
850	2035	5
851	2036	7
852	2037	2
853	2038	2
854	2039	5
855	2040	0
856	2042	7
857	2043	1
858	2044	2
859	2045	7
860	2046	4
861	2047	2
862	2048	1
863	2049	4
864	205	0
865	2050	2
866	2051	5
867	2053	7
868	2058	5
869	2059	2
870	2060	2
871	2066	1
872	207	1
873	2079	4
874	208	2
875	2098	2
876	21	2
877	210	4
878	2107	3
879	2108	3
880	2109	3
881	2110	4
882	2125	6
883	213	4
884	2130	7
885	2132	4
886	214	7
887	215	3
888	2150	2
889	2152	2
890	2157	3
891	216	4
892	217	3
893	2170	2
894	2173	5
895	2177	7
896	2180	4
897	2181	3
898	2182	7
899	2184	2
900	2185	1
901	219	6
902	219287	7
903	2193	2
904	2194	7
905	2197	3
906	219738	3
907	219771	5
908	219793	3
909	219927	0
910	22	6
911	220164	5
912	220988	2
913	221	4
914	221037	7
915	221061	4
916	221092	3
917	221178	4
918	221184	2
919	221322	3
920	221400	4
921	221424	5
922	221545	4
923	221613	4
924	221692	3
925	221935	4
926	221981	0
927	222236	4
928	2224	0
929	222950	3
930	223	7
931	2235	7
932	2239	5
933	224	3
934	2242	2
935	2243	4
936	2244	2
937	2245	4
938	2247	2
939	225	4
940	2257	2
941	226	2
942	2261	2
943	2263	2
944	2266	7
945	2268	2
946	2271	2
947	2273	2
948	2274	2
949	22794	2
950	2280	2
951	22800	2
952	22808	2
953	2281	5
954	22820	3
955	22821	3
956	22824	0
957	22826	7
958	22832	5
959	22836	7
960	22837	7
961	22839	1
962	22841	2
963	22843	2
964	22844	2
965	22848	6
966	22849	4
967	22852	5
968	22853	2
969	22854	4
970	22859	2
971	2286	2
972	22864	4
973	22865	3
974	22866	4
975	2287	2
976	22870	5
977	22871	1
978	22872	4
979	22874	7
980	22878	0
981	2288	2
982	22883	2
983	22884	7
984	22885	5
985	22890	5
986	22891	4
987	22895	2
988	229	2
989	2290	3
990	22902	7
991	22905	7
992	22906	7
993	22907	3
994	22908	3
995	22911	3
996	22913	6
997	22915	3
998	22919	6
999	22920	2
1000	22921	4
1001	22924	6
1002	22927	2
1003	22930	4
1004	22931	5
1005	22933	2
1006	22938	6
1007	22941	1
1008	22948	7
1009	22954	6
1010	22978	5
1011	22979	7
1012	22980	2
1013	22981	5
1014	22983	1
1015	22984	2
1016	22985	7
1017	22990	3
1018	22992	3
1019	22994	5
1020	22995	5
1021	22998	7
1022	22999	2
1023	23	3
1024	230	2
1025	23001	2
1026	23002	2
1027	23007	7
1028	23011	5
1029	23012	4
1030	23013	2
1031	23017	2
1032	23019	6
1033	23020	7
1034	23023	4
1035	23024	6
1036	23025	2
1037	23026	2
1038	23028	6
1039	23031	2
1040	23033	4
1041	23036	3
1042	23037	2
1043	23039	2
1044	23040	4
1045	23041	4
1046	23043	2
1047	23046	4
1048	23047	2
1049	23048	4
1050	23049	5
1051	23052	7
1052	23053	6
1053	23060	3
1054	23061	4
1055	23065	3
1056	23066	0
1057	23071	4
1058	23072	3
1059	23074	4
1060	23075	7
1061	23077	2
1062	23078	2
1063	23085	5
1064	23086	7
1065	23090	2
1066	23092	2
1067	23094	5
1068	23095	2
1069	23096	2
1070	231	4
1071	23102	6
1072	23107	2
1073	23108	2
1074	23109	2
1075	23111	2
1076	23112	5
1077	23113	3
1078	23114	2
1079	23116	3
1080	23122	6
1081	23127	3
1082	23129	3
1083	23131	7
1084	23136	5
1085	23137	2
1086	23138	5
1087	2314	7
1088	23140	4
1089	23143	3
1090	23145	6
1091	23151	5
1092	23152	6
1093	23154	4
1094	23155	3
1095	23157	5
1096	2316	1
1097	23161	4
1098	23162	2
1099	23163	5
1100	23164	2
1101	23165	3
1102	23167	2
1103	2317	2
1104	23170	6
1105	23176	1
1106	23177	5
1107	2318	2
1108	23180	7
1109	23181	7
1110	23186	6
1111	23187	7
1112	2319	6
1113	23191	5
1114	23193	6
1115	23195	3
1116	23196	6
1117	23197	7
1118	23199	4
1119	23201	6
1120	23203	7
1121	23204	0
1122	23205	4
1123	23208	3
1124	23209	2
1125	2321	1
1126	23211	7
1127	23215	3
1128	23216	4
1129	23218	7
1130	23221	2
1131	23223	7
1132	23224	2
1133	23225	4
1134	23228	4
1135	23229	4
1136	23230	7
1137	23233	5
1138	23234	3
1139	23236	2
1140	23237	2
1141	2324	2
1142	23242	5
1143	23243	5
1144	23244	3
1145	23248	7
1146	23250	7
1147	23251	0
1148	23254	4
1149	23255	4
1150	23256	3
1151	23258	4
1152	23263	2
1153	23265	4
1154	23266	2
1155	23268	6
1156	23269	3
1157	23270	4
1158	23271	5
1159	23277	4
1160	23279	2
1161	23281	4
1162	23284	4
1163	23285	3
1164	23286	2
1165	23287	7
1166	23288	4
1167	23293	4
1168	23294	4
1169	23295	5
1170	23301	3
1171	23303	2
1172	23304	3
1173	23307	7
1174	23309	4
1175	23310	3
1176	23314	4
1177	23316	4
1178	23317	3
1179	2332	7
1180	23321	2
1181	23322	5
1182	23325	7
1183	23327	1
1184	23328	2
1185	23331	5
1186	23332	5
1187	23334	5
1188	23335	3
1189	23336	2
1190	23339	5
1191	23344	3
1192	23345	2
1193	23347	2
1194	23348	7
1195	23349	3
1196	2335	2
1197	23352	7
1198	23353	4
1199	23355	4
1200	23358	4
1201	23362	2
1202	23365	2
1203	23367	4
1204	23368	4
1205	23370	6
1206	23371	6
1207	23373	3
1208	23376	3
1209	23380	7
1210	23381	3
1211	23382	7
1212	23384	5
1213	23385	2
1214	23387	4
1215	23389	3
1216	23390	2
1217	23392	6
1218	23394	2
1219	23395	7
1220	23396	2
1221	23405	4
1222	23406	7
1223	23408	2
1224	23410	0
1225	23412	6
1226	23416	0
1227	23417	4
1228	23420	2
1229	23423	5
1230	23426	1
1231	23428	0
1232	23431	6
1233	23433	2
1234	23435	2
1235	23438	0
1236	23446	4
1237	23450	2
1238	23451	7
1239	23466	2
1240	23474	5
1241	23478	0
1242	23479	4
1243	23481	3
1244	23499	2
1245	23500	4
1246	23503	4
1247	23504	2
1248	23505	7
1249	23507	3
1250	23511	4
1251	23513	1
1252	23517	2
1253	23518	4
1254	23521	3
1255	23523	2
1256	23524	7
1257	23527	4
1258	23530	6
1259	23534	2
1260	23542	2
1261	23543	7
1262	23544	3
1263	23548	4
1264	23549	4
1265	23550	7
1266	23558	2
1267	23560	7
1268	23576	4
1269	23580	7
1270	23581	4
1271	23589	4
1272	23592	3
1273	23597	5
1274	23598	4
1275	23603	5
1276	23607	1
1277	23609	3
1278	23616	5
1279	23633	2
1280	23636	4
1281	23637	7
1282	23644	4
1283	23646	7
1284	23647	2
1285	23654	2
1286	23657	0
1287	23659	4
1288	23670	2
1289	23673	3
1290	23705	7
1291	23708	3
1292	23710	2
1293	23761	3
1294	23762	2
1295	23770	3
1296	23780	3
1297	23786	0
1298	23788	0
1299	24	3
1300	24137	2
1301	24149	3
1302	246213	0
1303	246269	0
1304	2475	2
1305	249	2
1306	2495	2
1307	2512	2
1308	2521	7
1309	2530	4
1310	253260	2
1311	2533	2
1312	2534	1
1313	253559	4
1314	2539	3
1315	253943	3
1316	253959	0
1317	254048	4
1318	254102	5
1319	254122	0
1320	254263	0
1321	254427	4
1322	2547	7
1323	2548	3
1324	254863	6
1325	2550	2
1326	255057	0
1327	255252	7
1328	2554	3
1329	2555	3
1330	2556	4
1331	255626	3
1332	2560	2
1333	2561	2
1334	256158	2
1335	2562	3
1336	256309	5
1337	2566	2
1338	256714	5
1339	256957	3
1340	2571	2
1341	257160	5
1342	257194	5
1343	2572	0
1344	257218	4
1345	257407	7
1346	25758	3
1347	25777	7
1348	25782	7
1349	25791	2
1350	25793	2
1351	25796	5
1352	2580	3
1353	25801	5
1354	2581	3
1355	25813	3
1356	25814	5
1357	25821	5
1358	25822	3
1359	25824	2
1360	25830	2
1361	25831	6
1362	25836	4
1363	25839	4
1364	2584	6
1365	25843	2
1366	25851	3
1367	25852	5
1368	25873	2
1369	25874	0
1370	25875	0
1371	25880	4
1372	25885	4
1373	259	2
1374	2590	0
1375	25900	5
1376	25901	5
1377	25902	3
1378	25912	7
1379	25914	3
1380	259173	4
1381	25921	2
1382	259217	2
1383	259232	0
1384	25924	2
1385	25925	4
1386	259266	3
1387	25927	3
1388	25930	2
1389	25932	2
1390	25934	1
1391	25940	4
1392	25941	4
1393	25953	4
1394	25959	4
1395	2596	2
1396	25960	2
1397	25963	2
1398	2597	2
1399	25977	4
1400	25978	2
1401	25989	4
1402	25994	2
1403	25999	4
1404	26000	7
1405	26003	6
1406	26010	7
1407	26011	5
1408	26012	2
1409	26019	2
1410	26024	0
1411	26027	5
1412	26031	7
1413	26036	2
1414	26037	5
1415	26040	3
1416	260425	1
1417	26045	2
1418	26046	5
1419	26047	2
1420	26049	7
1421	26050	7
1422	26051	4
1423	26052	5
1424	26056	7
1425	26057	4
1426	26058	6
1427	26059	2
1428	26060	2
1429	26063	7
1430	26084	7
1431	26086	5
1432	26090	7
1433	26091	3
1434	26094	3
1435	26098	4
1436	26100	0
1437	26115	4
1438	26127	4
1439	26128	4
1440	26130	7
1441	26133	2
1442	26135	6
1443	26146	6
1444	26154	2
1445	26160	4
1446	26168	2
1447	2617	6
1448	261726	3
1449	26207	0
1450	26227	3
1451	26229	0
1452	26230	2
1453	26232	4
1454	26270	4
1455	26275	2
1456	26276	7
1457	26278	5
1458	26286	6
1459	26289	4
1460	2629	2
1461	2631	7
1462	2632	4
1463	26353	3
1464	26354	3
1465	26355	2
1466	2639	1
1467	26470	4
1468	2648	7
1469	26504	3
1470	26505	2
1471	26507	3
1472	26509	7
1473	26515	5
1474	26517	3
1475	26519	2
1476	26520	0
1477	26523	6
1478	26575	4
1479	26578	2
1480	26580	0
1481	26589	0
1482	26608	7
1483	2661	2
1484	2664	4
1485	2665	4
1486	266553	2
1487	266727	2
1488	2670	4
1489	2673	6
1490	2674	2
1491	26750	2
1492	2686	0
1493	26873	4
1494	26953	7
1495	26958	3
1496	26960	7
1497	2697	2
1498	26973	2
1499	26985	6
1500	26986	7
1501	26994	2
1502	26999	7
1503	27	1
1504	27005	7
1505	27020	7
1506	27031	4
1507	27032	0
1508	27034	5
1509	27043	3
1510	27044	3
1511	27065	3
1512	27067	4
1513	27068	0
1514	27072	2
1515	27089	4
1516	27095	3
1517	271	5
1518	2710	7
1519	27101	5
1520	27124	5
1521	27125	2
1522	27127	3
1523	2713	3
1524	27130	2
1525	27131	2
1526	27132	5
1527	27133	3
1528	27141	0
1529	27145	2
1530	27148	4
1531	27161	6
1532	27165	4
1533	27175	3
1534	27183	2
1535	27229	4
1536	27236	0
1537	27239	3
1538	27243	7
1539	27247	0
1540	27248	2
1541	27255	2
1542	273	1
1543	2730	2
1544	27316	7
1545	27327	5
1546	27339	2
1547	27340	3
1548	27342	6
1549	27343	4
1550	27347	5
1551	2739	4
1552	274	2
1553	2741	2
1554	27429	2
1555	2743	2
1556	27430	4
1557	2744	3
1558	27445	3
1559	2745	2
1560	2746	3
1561	2752	2
1562	2767	4
1563	2768	2
1564	2770	5
1565	2771	5
1566	2773	5
1567	2774	3
1568	2775	6
1569	2776	2
1570	2778	2
1571	2781	5
1572	2782	5
1573	2783	5
1574	2784	3
1575	2785	3
1576	2786	5
1577	2788	5
1578	2794	4
1579	2800	6
1580	2801	6
1581	2802	3
1582	2803	4
1583	2804	7
1584	2805	4
1585	2806	4
1586	2810	2
1587	2817	0
1588	2819	4
1589	2821	6
1590	2823	0
1591	2824	0
1592	282973	2
1593	282974	2
1594	282991	5
1595	28316	4
1596	283234	4
1597	283373	5
1598	283450	4
1599	283455	2
1600	283635	0
1601	283638	5
1602	283742	3
1603	283820	3
1604	283871	4
1605	284069	7
1606	284111	0
1607	284119	7
1608	284217	3
1609	284273	7
1610	284403	6
1611	284434	3
1612	284439	4
1613	284656	2
1614	284992	4
1615	28512	7
1616	285172	7
1617	285313	7
1618	285513	2
1619	285527	4
1620	285590	6
1621	285636	6
1622	286	0
1623	286046	5
1624	286077	6
1625	286205	4
1626	286410	3
1627	287	7
1628	2870	2
1629	2873	2
1630	2876	5
1631	2879	2
1632	288	7
1633	2885	1
1634	2887	1
1635	2890	2
1636	2891	2
1637	2892	2
1638	2893	2
1639	2894	2
1640	2895	2
1641	28952	5
1642	28956	7
1643	28957	0
1644	28958	4
1645	28964	2
1646	28966	2
1647	2897	5
1648	28973	0
1649	28976	3
1650	2898	5
1651	28981	5
1652	28985	6
1653	28988	6
1654	2899	6
1655	28992	5
1656	29	7
1657	2900	4
1658	2901	3
1659	2902	1
1660	29028	3
1661	2903	1
1662	2904	1
1663	2905	1
1664	2906	1
1665	29062	4
1666	29078	0
1667	29088	7
1668	2909	7
1669	29091	7
1670	29094	5
1671	291	6
1672	2911	2
1673	29110	5
1674	29117	2
1675	29119	4
1676	2912	3
1677	29127	2
1678	2913	2
1679	2914	4
1680	2915	2
1681	2917	4
1682	2918	2
1683	292	4
1684	2923	2
1685	2926	3
1686	293	4
1687	2931	1
1688	2932	2
1689	2934	2
1690	2935	3
1691	2936	3
1692	2941	4
1693	2944	2
1694	2946	5
1695	2947	2
1696	2949	5
1697	2950	2
1698	2954	5
1699	2957	7
1700	2969	2
1701	2975	2
1702	29760	1
1703	29761	2
1704	29763	2
1705	29767	4
1706	2977	2
1707	29789	3
1708	29801	7
1709	2983	4
1710	29843	7
1711	29850	4
1712	29855	2
1713	2987	3
1714	29888	2
1715	29919	2
1716	2992	5
1717	29920	3
1718	29924	2
1719	29927	4
1720	29934	2
1721	29941	4
1722	29944	3
1723	29953	4
1724	29957	4
1725	29959	3
1726	29965	2
1727	29966	2
1728	29968	3
1729	2997	5
1730	29978	2
1731	29979	2
1732	29982	5
1733	29993	2
1734	30	7
1735	3000	2
1736	30000	2
1737	30011	6
1738	3005	7
1739	3006	7
1740	3007	7
1741	3008	7
1742	3009	7
1743	301	7
1744	3012	7
1745	3014	7
1746	3015	2
1747	3018	2
1748	302	6
1749	3020	7
1750	3021	7
1751	3024	7
1752	3028	3
1753	3029	3
1754	3030	3
1755	3032	2
1756	3033	7
1757	3035	5
1758	3039	4
1759	3043	4
1760	3045	5
1761	3046	5
1762	3050	5
1763	3054	2
1764	3055	1
1765	306	4
1766	3064	2
1767	3066	7
1768	3069	2
1769	307	4
1770	3070	3
1771	3074	0
1772	3075	2
1773	308	2
1774	30811	2
1775	30818	2
1776	30819	4
1777	30820	5
1778	30833	5
1779	30844	4
1780	30845	0
1781	30846	7
1782	30849	4
1783	30851	2
1784	309	7
1785	3092	2
1786	3093	7
1787	3094	6
1788	3096	2
1789	30968	4
1790	3097	2
1791	3098	0
1792	3099	2
1793	31	6
1794	310	2
1795	3101	2
1796	311	2
1797	3141	6
1798	3145	4
1799	3146	2
1800	3148	2
1801	3149	3
1802	3155	7
1803	3159	7
1804	316	2
1805	3161	6
1806	3163	3
1807	317	4
1808	3176	2
1809	317719	3
1810	317772	7
1811	3178	7
1812	3181	7
1813	3182	7
1814	3183	2
1815	3184	7
1816	3185	7
1817	3187	6
1818	3188	7
1819	3189	7
1820	3190	7
1821	3191	7
1822	319101	4
1823	3192	2
1824	320	2
1825	3208	5
1826	321	2
1827	322	2
1828	324	6
1829	3240	2
1830	3241	5
1831	3251	5
1832	3265	5
1833	326624	4
1834	326625	3
1835	3267	2
1836	3268	2
1837	3269	0
1838	327	3
1839	3276	7
1840	3280	2
1841	3281	5
1842	3295	7
1843	3299	4
1844	33	4
1845	3300	3
1846	3301	0
1847	3303	2
1848	3304	2
1849	3305	3
1850	3306	3
1851	3308	2
1852	3309	2
1853	3310	3
1854	3312	2
1855	3313	3
1856	3315	2
1857	3320	1
1858	3321	7
1859	3324	3
1860	3326	1
1861	3329	0
1862	3336	2
1863	3337	2
1864	3339	2
1865	334	2
1866	335	2
1867	337	0
1868	3376	5
1869	338	7
1870	3382	5
1871	338699	3
1872	338785	4
1873	339122	4
1874	339766	4
1875	339829	4
1876	339965	5
1877	34	0
1878	340371	5
1879	340527	4
1880	3416	3
1881	341640	3
1882	3417	5
1883	3418	4
1884	341883	7
1885	3419	7
1886	3420	5
1887	342574	4
1888	342667	5
1889	343099	5
1890	343990	7
1891	345079	0
1892	345557	4
1893	345630	4
1894	345651	5
1895	345778	3
1896	346288	5
1897	347	0
1898	3476	2
1899	347688	6
1900	347733	6
1901	347734	0
1902	348	1
1903	348110	4
1904	3482	3
1905	348980	2
1906	3493	2
1907	349667	3
1908	350	2
1909	3500	3
1910	3502	2
1911	3503	4
1912	3507	2
1913	3508	4
1914	351	1
1915	3514	3
1916	353	6
1917	353274	5
1918	354	2
1919	3547	4
1920	355	2
1921	3556	2
1922	357	2
1923	358	4
1924	36	2
1925	3608	2
1926	3609	7
1927	361	4
1928	3611	2
1929	3612	4
1930	3615	2
1931	3628	4
1932	3632	2
1933	3635	2
1934	3636	2
1935	3643	1
1936	3645	2
1937	3646	2
1938	3655	2
1939	3667	1
1940	3685	2
1941	3688	2
1942	369	1
1943	3691	4
1944	3692	2
1945	3696	2
1946	3697	2
1947	37	3
1948	3700	2
1949	3703	0
1950	3704	2
1951	3706	2
1952	3708	2
1953	3709	4
1954	3710	4
1955	3712	5
1956	3716	2
1957	3718	2
1958	372	4
1959	3728	2
1960	373156	7
1961	3732	4
1962	3735	3
1963	3736	2
1964	3737	2
1965	3738	2
1966	3739	2
1967	3742	2
1968	374291	3
1969	374454	4
1970	3745	0
1971	3746	4
1972	374618	6
1973	374654	5
1974	374864	3
1975	374986	0
1976	375	2
1977	375056	5
1978	3751	2
1979	3752	3
1980	375449	6
1981	375567	4
1982	3757	2
1983	375790	6
1984	3758	2
1985	3761	2
1986	3766	2
1987	377	0
1988	3778	2
1989	3779	2
1990	378	3
1991	3780	2
1992	3781	2
1993	3785	4
1994	3786	4
1995	3791	1
1996	3792	4
1997	3796	6
1998	3797	4
1999	3798	2
2000	3799	6
2001	38	0
2002	3800	7
2003	3801	4
2004	381	4
2005	3815	1
2006	382	2
2007	3831	2
2008	3832	6
2009	3836	2
2010	3837	2
2011	3839	2
2012	3842	2
2013	3843	2
2014	3845	5
2015	3848	4
2016	3849	4
2017	3851	4
2018	3852	4
2019	3853	4
2020	3854	4
2021	3855	4
2022	3856	4
2023	3857	6
2024	3858	4
2025	3860	4
2026	3861	4
2027	3866	4
2028	386617	2
2029	386618	5
2030	3868	4
2031	387	2
2032	387104	4
2033	3872	4
2034	3875	4
2035	387597	3
2036	387680	5
2037	387849	4
2038	388	2
2039	3880	4
2040	3881	4
2041	388135	4
2042	3882	6
2043	388336	4
2044	3885	4
2045	3886	4
2046	388662	0
2047	388695	4
2048	3887	4
2049	3888	4
2050	3889	4
2051	389	7
2052	3892	4
2053	3895	3
2054	3897	2
2055	389840	2
2056	389941	7
2057	39	5
2058	3908	2
2059	3909	4
2060	391	2
2061	3911	3
2062	3912	2
2063	3913	4
2064	3915	3
2065	3916	0
2066	391634	2
2067	392	2
2068	3921	2
2069	3925	2
2070	3927	6
2071	392843	3
2072	392862	2
2073	3933	3
2074	3936	5
2075	3939	3
2076	394	4
2077	3945	3
2078	3948	3
2079	3954	3
2080	3956	2
2081	396	2
2082	3963	7
2083	3964	3
2084	3981	2
2085	3983	6
2086	3984	1
2087	3991	4
2088	399473	2
2089	3996	7
2090	399687	2
2091	399909	3
2092	40	5
2093	400	4
2094	4000	2
2095	4001	2
2096	400673	4
2097	4008	6
2098	401024	7
2099	401145	5
2100	4012	3
2101	401647	5
2102	402	6
2103	402117	2
2104	4026	4
2105	402665	5
2106	403	3
2107	4035	1
2108	4040	7
2109	4043	2
2110	4045	5
2111	4046	4
2112	4048	6
2113	405	2
2114	4062	5
2115	4067	1
2116	4069	2
2117	4074	0
2118	4076	2
2119	408	2
2120	4082	5
2121	4099	7
2122	41	5
2123	4121	4
2124	4128	5
2125	4129	3
2126	4130	2
2127	4131	2
2128	4133	2
2129	4134	2
2130	4137	1
2131	4139	2
2132	4140	2
2133	4141	2
2134	4144	7
2135	4145	2
2136	4155	1
2137	4157	3
2138	4163	4
2139	4172	5
2140	4175	4
2141	4190	2
2142	4191	7
2143	4192	2
2144	4200	0
2145	4204	7
2146	4208	2
2147	421	7
2148	4210	3
2149	4214	7
2150	4215	1
2151	4216	2
2152	4217	1
2153	4218	5
2154	4232	2
2155	4236	4
2156	4253	5
2157	4259	0
2158	4261	3
2159	427	4
2160	4282	2
2161	4291	5
2162	4294	2
2163	4297	7
2164	43	2
2165	4301	2
2166	4308	3
2167	4336	5
2168	4340	2
2169	4353	2
2170	4354	7
2171	4355	2
2172	4356	2
2173	4363	7
2174	439	0
2175	440	3
2176	440073	4
2177	440193	6
2178	440279	3
2179	440730	4
2180	440915	3
2181	441400	7
2182	443	4
2183	4430	2
2184	4437	3
2185	4438	5
2186	444	0
2187	4440	3
2188	445	6
2189	445815	2
2190	4478	2
2191	4509	2
2192	4512	2
2193	4513	2
2194	4519	7
2195	4522	2
2196	4528	3
2197	4535	3
2198	4538	3
2199	4540	4
2200	4542	3
2201	4547	4
2202	4580	7
2203	4591	6
2204	4594	7
2205	4599	3
2206	460	4
2207	4606	2
2208	4619	5
2209	462	2
2210	4621	3
2211	4624	4
2212	4625	4
2213	4626	4
2214	4627	2
2215	4628	2
2216	4629	4
2217	463	4
2218	4637	6
2219	4638	2
2220	4641	2
2221	4642	5
2222	4643	2
2223	4644	2
2224	4645	4
2225	4646	2
2226	4647	2
2227	4648	2
2228	4649	6
2229	4650	2
2230	4651	4
2231	4659	2
2232	4660	4
2233	4666	7
2234	4670	2
2235	4673	6
2236	4676	5
2237	4677	6
2238	4684	7
2239	4685	4
2240	4691	2
2241	4694	4
2242	4695	7
2243	4696	0
2244	4697	7
2245	4698	3
2246	47	2
2247	4700	2
2248	4701	3
2249	4702	3
2250	4704	3
2251	4705	7
2252	4706	4
2253	4707	4
2254	4709	4
2255	471	2
2256	4710	6
2257	4712	4
2258	4713	5
2259	4714	2
2260	4715	2
2261	4716	7
2262	4719	3
2263	472	2
2264	4720	3
2265	4722	3
2266	4723	3
2267	4724	0
2268	4725	3
2269	4726	3
2270	4728	3
2271	4729	3
2272	4731	3
2273	4733	7
2274	4734	1
2275	4735	2
2276	4736	2
2277	4738	7
2278	4741	4
2279	474383	0
2280	4744	4
2281	4747	4
2282	4750	6
2283	4756	7
2284	476	2
2285	4763	2
2286	477	4
2287	4774	3
2288	4775	2
2289	4776	2
2290	4783	5
2291	479	3
2292	4794	2
2293	4798	2
2294	48	2
2295	480	3
2296	4809	6
2297	481	2
2298	4811	4
2299	4815	3
2300	4817	3
2301	482	4
2302	4820	5
2303	483	7
2304	4830	2
2305	4831	2
2306	4832	3
2307	4836	6
2308	4839	7
2309	4841	2
2310	4842	1
2311	4846	1
2312	4853	2
2313	4856	4
2314	4857	2
2315	4858	2
2316	4860	2
2317	4868	2
2318	4869	2
2319	487	4
2320	488	2
2321	4881	3
2322	4882	4
2323	489	3
2324	4892	5
2325	4893	5
2326	4897	2
2327	4898	2
2328	490	7
2329	4900	2
2330	4904	2
2331	4905	3
2332	4907	7
2333	491	2
2334	4915	1
2335	4916	2
2336	492	2
2337	4924	2
2338	4926	2
2339	4928	0
2340	493	2
2341	493856	0
2342	494115	3
2343	4942	0
2344	4952	5
2345	4957	5
2346	4967	0
2347	4976	3
2348	4978	4
2349	498	2
2350	4983	2
2351	49855	4
2352	4998	4
2353	4999	7
2354	50	7
2355	5007	0
2356	501	6
2357	5019	2
2358	5027	2
2359	5034	2
2360	5036	7
2361	5037	1
2362	5042	4
2363	5048	6
2364	50488	7
2365	5049	2
2366	5050	2
2367	5052	2
2368	5058	1
2369	506	0
2370	50618	1
2371	5062	1
2372	5063	2
2373	5064	7
2374	50640	7
2375	50649	2
2376	5066	4
2377	5067	2
2378	5073	3
2379	50804	5
2380	50807	1
2381	50808	6
2382	50809	2
2383	50813	2
2384	50814	5
2385	50861	4
2386	50863	5
2387	509	3
2388	5091	6
2389	5093	7
2390	5094	7
2391	50944	7
2392	5095	6
2393	5096	6
2394	5097	7
2395	5099	7
2396	51	7
2397	5100	4
2398	5101	7
2399	51015	6
2400	51024	0
2401	51025	0
2402	51028	5
2403	51031	6
2404	51056	5
2405	51059	4
2406	5106	7
2407	51062	7
2408	51065	3
2409	51067	0
2410	51069	0
2411	51070	3
2412	51073	7
2413	51075	0
2414	51079	3
2415	5108	5
2416	51081	0
2417	51090	3
2418	51097	4
2419	5110	2
2420	51100	0
2421	51101	5
2422	51109	4
2423	51116	0
2424	51125	2
2425	51133	4
2426	51138	4
2427	51143	5
2428	51144	3
2429	5116	6
2430	51160	4
2431	51164	5
2432	51168	4
2433	51170	0
2434	51185	4
2435	5119	2
2436	51196	7
2437	51199	5
2438	51204	4
2439	51209	1
2440	5121	4
2441	51218	7
2442	51222	2
2443	51234	0
2444	51248	5
2445	51250	2
2446	51256	6
2447	5127	7
2448	5128	2
2449	51280	0
2450	51284	5
2451	51286	0
2452	5129	4
2453	51295	1
2454	513	0
2455	51308	0
2456	51313	4
2457	51337	7
2458	51347	2
2459	51350	4
2460	5136	2
2461	51361	5
2462	51366	2
2463	51377	2
2464	5138	6
2465	51382	5
2466	51386	4
2467	51393	7
2468	514	0
2469	51400	2
2470	5141	2
2471	51412	7
2472	5142	2
2473	51421	4
2474	51422	5
2475	51429	1
2476	51434	2
2477	5144	2
2478	51440	4
2479	51441	6
2480	51449	2
2481	51466	6
2482	51474	2
2483	51479	7
2484	51493	2
2485	51495	5
2486	515	3
2487	51517	2
2488	5152	4
2489	51520	4
2490	5153	3
2491	51534	2
2492	51542	7
2493	51552	5
2494	51555	5
2495	51559	0
2496	5156	1
2497	51560	2
2498	51566	7
2499	51571	5
2500	51592	2
2501	51593	7
2502	51594	4
2503	5160	0
2504	51606	6
2505	51608	2
2506	51617	3
2507	5162	2
2508	5163	0
2509	51631	2
2510	51635	0
2511	51637	6
2512	5164	2
2513	51645	2
2514	51649	3
2515	5165	0
2516	51651	0
2517	51652	7
2518	51660	4
2519	51663	2
2520	51667	3
2521	51668	5
2522	51673	3
2523	51678	2
2524	5168	2
2525	51693	4
2526	51699	7
2527	5170	2
2528	51701	3
2529	51704	7
2530	51706	7
2531	51715	7
2532	51719	2
2533	51720	7
2534	51726	2
2535	51727	0
2536	51729	2
2537	51735	7
2538	51741	6
2539	51742	3
2540	51755	7
2541	51760	4
2542	51761	3
2543	51762	2
2544	5178	3
2545	51780	3
2546	5179	4
2547	51805	0
2548	51807	6
2549	5192	3
2550	5193	0
2551	5195	7
2552	52	2
2553	5202	6
2554	5204	5
2555	521	3
2556	5211	2
2557	5213	2
2558	5214	2
2559	5216	2
2560	5217	2
2561	5218	2
2562	522	3
2563	5223	2
2564	5224	4
2565	5226	4
2566	523	7
2567	5230	2
2568	5236	2
2569	5245	7
2570	525	4
2571	5250	3
2572	526	7
2573	527	3
2574	528	0
2575	5286	7
2576	5289	3
2577	529	2
2578	5290	1
2579	5291	2
2580	5294	2
2581	5295	1
2582	5297	2
2583	5300	6
2584	5304	4
2585	5305	2
2586	5306	7
2587	5310	2
2588	5313	5
2589	5315	2
2590	5317	4
2591	5318	6
2592	5321	2
2593	5327	7
2594	5331	7
2595	5332	5
2596	5333	7
2597	53335	7
2598	5334	4
2599	53343	2
2600	53349	3
2601	5335	1
2602	53353	2
2603	53358	4
2604	5336	1
2605	5337	2
2606	5338	2
2607	5339	2
2608	534	2
2609	53407	7
2610	5341	3
2611	535	0
2612	5354	3
2613	5357	7
2614	5358	7
2615	5361	2
2616	53615	4
2617	53616	1
2618	5362	2
2619	5364	1
2620	5365	2
2621	537	0
2622	5372	4
2623	53822	3
2624	53826	3
2625	53840	3
2626	539	3
2627	53904	7
2628	53916	5
2629	53917	2
2630	53918	4
2631	53919	2
2632	53944	5
2633	53981	3
2634	540	2
2635	54014	2
2636	54039	6
2637	54106	2
2638	5411	4
2639	5413	5
2640	5414	4
2641	541468	4
2642	54148	0
2643	54187	2
2644	54205	7
2645	5424	2
2646	5426	3
2647	5430	2
2648	5431	6
2649	54331	5
2650	54332	0
2651	54413	2
2652	5442	4
2653	54434	2
2654	54438	4
2655	54443	2
2656	5445	2
2657	54468	0
2658	5447	7
2659	54472	2
2660	54474	4
2661	54477	6
2662	54497	2
2663	54499	7
2664	545	7
2665	54505	4
2666	54509	4
2667	54520	4
2668	54534	0
2669	54535	4
2670	54536	1
2671	54539	0
2672	54543	7
2673	54549	1
2674	54550	4
2675	54566	7
2676	54585	5
2677	5459	5
2678	546	7
2679	54617	4
2680	54622	2
2681	54623	2
2682	54625	7
2683	54627	3
2684	5464	4
2685	54664	7
2686	54676	4
2687	547	5
2688	54704	0
2689	54708	0
2690	54726	4
2691	54732	0
2692	54734	5
2693	54737	2
2694	54749	5
2695	54768	5
2696	54769	2
2697	5478	2
2698	54785	4
2699	54788	4
2700	5479	2
2701	54793	4
2702	54795	7
2703	54805	3
2704	54806	5
2705	5481	6
2706	54821	7
2707	54822	2
2708	54828	6
2709	54832	7
2710	54834	5
2711	54839	5
2712	54843	2
2713	54856	3
2714	548596	5
2715	54861	2
2716	54862	5
2717	54867	7
2718	54873	4
2719	54874	3
2720	54875	3
2721	54880	7
2722	54881	2
2723	54893	7
2724	54897	2
2725	549	5
2726	54901	3
2727	54906	4
2728	54914	3
2729	54915	5
2730	54921	4
2731	54923	0
2732	54927	3
2733	54928	5
2734	5493	4
2735	54938	2
2736	54939	6
2737	5494	1
2738	54940	3
2739	54948	7
2740	54954	4
2741	54976	6
2742	5498	3
2743	5499	2
2744	54994	4
2745	54996	3
2746	5500	2
2747	55004	7
2748	5501	2
2749	55037	3
2750	5504	3
2751	55040	3
2752	55048	6
2753	55054	2
2754	55074	3
2755	55075	6
2756	55082	7
2757	55088	4
2758	5510	3
2759	55100	7
2760	55102	7
2761	55105	5
2762	55118	5
2763	55127	4
2764	55128	5
2765	55130	2
2766	55133	3
2767	55140	7
2768	55144	7
2769	55149	6
2770	5515	1
2771	55156	4
2772	55157	0
2773	5516	2
2774	55160	2
2775	55161	3
2776	55176	4
2777	55177	0
2778	5518	1
2779	55183	2
2780	55186	4
2781	55187	3
2782	5519	3
2783	55193	3
2784	55198	7
2785	5520	2
2786	55201	6
2787	55207	4
2788	55210	7
2789	55212	6
2790	55215	2
2791	55217	7
2792	55218	3
2793	5522	7
2794	55226	3
2795	55229	3
2796	55236	2
2797	5524	2
2798	55243	5
2799	5525	2
2800	55252	4
2801	55255	3
2802	5526	2
2803	55260	0
2804	55262	5
2805	55269	2
2806	5527	2
2807	55275	4
2808	5528	2
2809	5529	2
2810	55291	5
2811	5530	1
2812	55308	3
2813	5531	7
2814	553115	4
2815	5532	1
2816	55320	6
2817	55324	3
2818	55326	3
2819	55327	2
2820	5533	2
2821	55333	0
2822	55337	4
2823	5534	2
2824	55341	3
2825	55342	2
2826	55345	4
2827	55346	4
2828	55347	0
2829	55349	4
2830	55357	2
2831	5536	5
2832	55361	2
2833	55362	2
2834	55364	3
2835	5537	5
2836	55379	2
2837	5538	2
2838	55421	2
2839	55466	1
2840	5549	2
2841	5550	2
2842	55506	2
2843	55512	7
2844	55515	4
2845	55521	6
2846	55530	0
2847	55532	0
2848	55558	2
2849	55567	3
2850	55576	5
2851	55577	5
2852	55582	4
2853	55585	3
2854	55589	6
2855	55596	7
2856	55604	7
2857	55605	4
2858	55607	7
2859	55610	6
2860	55611	7
2861	55612	7
2862	55614	7
2863	55619	5
2864	5562	6
2865	55624	0
2866	5563	4
2867	55631	3
2868	55636	3
2869	55638	6
2870	5565	4
2871	5566	2
2872	55660	2
2873	55666	7
2874	55667	7
2875	5567	2
2876	55680	7
2877	55681	7
2878	5569	4
2879	55690	7
2880	55691	7
2881	55697	2
2882	55698	5
2883	55699	3
2884	55700	7
2885	55704	2
2886	55705	5
2887	5571	5
2888	55714	7
2889	55717	6
2890	55719	3
2891	55728	6
2892	55729	2
2893	5573	7
2894	55735	3
2895	55737	1
2896	55738	2
2897	55739	3
2898	55740	2
2899	55746	7
2900	55748	2
2901	55749	4
2902	5575	6
2903	55750	6
2904	55752	5
2905	55753	4
2906	55754	2
2907	55755	6
2908	5576	2
2909	55763	6
2910	5577	2
2911	55770	4
2912	5578	1
2913	5579	1
2914	55799	4
2915	5580	1
2916	55800	0
2917	55803	2
2918	5581	1
2919	55814	3
2920	55818	4
2921	5582	1
2922	55823	5
2923	55824	2
2924	5583	2
2925	55831	6
2926	55832	2
2927	55833	4
2928	55835	5
2929	5584	1
2930	55844	7
2931	55845	2
2932	55847	7
2933	55848	0
2934	5585	4
2935	55852	0
2936	55854	7
2937	55857	5
2938	5586	2
2939	55860	6
2940	55862	5
2941	5587	1
2942	55870	2
2943	5588	1
2944	55885	4
2945	5589	7
2946	5590	1
2947	55907	7
2948	5591	2
2949	55914	7
2950	55915	4
2951	55917	6
2952	55920	2
2953	5593	2
2954	55930	4
2955	5594	1
2956	5595	1
2957	55964	5
2958	55966	2
2959	55967	0
2960	55968	2
2961	55970	3
2962	55973	4
2963	55975	3
2964	5599	1
2965	5600	2
2966	5601	6
2967	5602	2
2968	5603	2
2969	5604	1
2970	5605	1
2971	5606	1
2972	5609	1
2973	5610	2
2974	5611	3
2975	56111	3
2976	5613	2
2977	56138	2
2978	56144	3
2979	56164	2
2980	56165	2
2981	56181	5
2982	5621	2
2983	56243	6
2984	56252	2
2985	56254	2
2986	56255	7
2987	56288	2
2988	5629	3
2989	563	4
2990	5630	4
2991	5631	3
2992	5634	3
2993	56341	2
2994	5635	3
2995	5636	3
2996	56474	4
2997	5654	2
2998	5660	2
2999	56616	0
3000	5662	3
3001	5663	1
3002	56666	2
3003	56681	0
3004	56776	7
3005	5682	4
3006	5683	4
3007	5684	6
3008	5685	4
3009	56850	4
3010	56851	3
3011	56853	3
3012	5686	5
3013	5687	4
3014	5688	4
3015	56886	0
3016	56888	2
3017	5689	4
3018	56893	2
3019	56894	0
3020	56895	3
3021	56896	7
3022	56899	1
3023	5690	4
3024	56904	6
3025	56907	4
3026	5691	4
3027	5692	4
3028	56922	6
3029	56924	2
3030	56925	4
3031	56926	2
3032	5693	4
3033	5694	4
3034	56945	3
3035	56946	2
3036	56947	0
3037	56948	4
3038	5695	4
3039	56954	4
3040	56957	4
3041	56992	7
3042	56993	0
3043	56997	0
3044	5700	5
3045	57003	3
3046	5701	2
3047	57017	0
3048	57019	4
3049	5702	4
3050	57026	4
3051	57030	2
3052	57037	0
3053	5704	5
3054	5705	4
3055	5706	4
3056	57060	3
3057	5707	3
3058	5708	5
3059	57082	4
3060	57084	2
3061	5709	2
3062	57092	3
3063	57095	4
3064	57096	5
3065	5710	2
3066	57101	2
3067	57106	0
3068	5711	5
3069	57118	2
3070	57120	5
3071	57122	3
3072	57128	0
3073	5713	6
3074	57130	0
3075	57132	7
3076	57136	4
3077	5714	3
3078	57142	2
3079	57143	3
3080	57144	4
3081	57148	7
3082	5715	4
3083	5716	3
3084	57165	0
3085	57169	2
3086	5717	2
3087	57175	6
3088	5718	0
3089	57180	6
3090	57181	6
3091	57187	3
3092	5719	3
3093	572	1
3094	5720	2
3095	57213	5
3096	57216	5
3097	57221	7
3098	57224	2
3099	5725	7
3100	5728	1
3101	5730	2
3102	57326	2
3103	57337	3
3104	57338	4
3105	57381	2
3106	57402	2
3107	57403	4
3108	57406	0
3109	57410	5
3110	57414	0
3111	57418	3
3112	57446	7
3113	57447	2
3114	57448	7
3115	57451	7
3116	57453	2
3117	57455	3
3118	57459	4
3119	57460	0
3120	57464	4
3121	57465	7
3122	57468	4
3123	5747	1
3124	57470	6
3125	57471	2
3126	57476	4
3127	57482	7
3128	57486	5
3129	57488	6
3130	57489	6
3131	57496	3
3132	57497	2
3133	57498	7
3134	575	2
3135	57502	7
3136	57505	2
3137	57506	3
3138	57507	3
3139	57510	3
3140	57512	7
3141	57513	7
3142	57514	2
3143	57519	3
3144	57520	3
3145	57521	2
3146	57524	2
3147	57526	4
3148	57528	2
3149	57530	6
3150	57532	4
3151	57537	3
3152	57538	3
3153	5754	5
3154	57551	4
3155	57553	7
3156	57554	2
3157	57555	1
3158	57556	2
3159	5756	4
3160	57562	2
3161	57568	5
3162	5757	3
3163	57571	3
3164	57572	2
3165	57576	2
3166	57578	3
3167	57580	2
3168	57584	5
3169	57596	6
3170	57597	3
3171	57599	3
3172	576	2
3173	57602	3
3174	57605	4
3175	57606	5
3176	57608	6
3177	57609	7
3178	57610	2
3179	57614	7
3180	57617	2
3181	57619	4
3182	57620	7
3183	57622	4
3184	57623	4
3185	57624	4
3186	57626	3
3187	57631	3
3188	57634	2
3189	5764	2
3190	57644	6
3191	57646	7
3192	57648	2
3193	57650	6
3194	57655	7
3195	57657	4
3196	57658	2
3197	57662	5
3198	57670	4
3199	57674	5
3200	57679	4
3201	57680	2
3202	57683	3
3203	57689	0
3204	57698	4
3205	577	0
3206	57706	6
3207	57709	0
3208	57715	2
3209	57716	2
3210	57719	0
3211	57724	4
3212	57731	7
3213	57787	2
3214	57795	5
3215	5780	0
3216	57805	3
3217	5781	1
3218	57826	7
3219	5783	2
3220	5786	2
3221	57863	0
3222	5787	1
3223	5789	2
3224	5791	2
3225	5792	2
3226	5793	1
3227	5795	1
3228	5797	7
3229	5798	2
3230	5799	4
3231	58	2
3232	5802	2
3233	5803	2
3234	5813	7
3235	5814	5
3236	58155	7
3237	5818	7
3238	5825	3
3239	5830	3
3240	5831	3
3241	5832	0
3242	5833	5
3243	5834	4
3244	5836	6
3245	5837	6
3246	58473	2
3247	58477	3
3248	58478	3
3249	58485	0
3250	58489	4
3251	58494	5
3252	58497	2
3253	58499	3
3254	58508	2
3255	58512	1
3256	58513	2
3257	58517	2
3258	58525	2
3259	58527	6
3260	58533	7
3261	5858	2
3262	5859	6
3263	586	5
3264	5860	7
3265	5861	2
3266	5862	5
3267	5864	6
3268	5865	6
3269	5867	5
3270	5868	2
3271	5869	6
3272	5870	5
3273	5872	2
3274	5873	2
3275	5874	2
3276	5875	5
3277	5878	7
3278	5879	1
3279	5880	2
3280	5881	4
3281	5887	2
3282	5894	1
3283	5898	7
3284	59	4
3285	5901	2
3286	5902	3
3287	5903	2
3288	5905	3
3289	5906	2
3290	5908	2
3291	5909	2
3292	5910	2
3293	5911	5
3294	5912	2
3295	5917	5
3296	5921	1
3297	5923	7
3298	5924	3
3299	59269	4
3300	5927	4
3301	59283	2
3302	5932	2
3303	59338	2
3304	59343	0
3305	59345	5
3306	59353	0
3307	5955	2
3308	5962	2
3309	5966	6
3310	5976	5
3311	5980	2
3312	5981	2
3313	5983	3
3314	599	0
3315	5999	2
3316	60	2
3317	6000	2
3318	6002	5
3319	6009	2
3320	6011	2
3321	60312	4
3322	60370	4
3323	60412	6
3324	60484	4
3325	60488	0
3326	60491	6
3327	6050	5
3328	6059	2
3329	60592	5
3330	60626	2
3331	60673	4
3332	60682	5
3333	60684	6
3334	607	4
3335	6091	7
3336	6092	2
3337	6093	2
3338	610	2
3339	6101	3
3340	6102	7
3341	6117	7
3342	6122	3
3343	6124	2
3344	6125	2
3345	6128	2
3346	6129	3
3347	613	5
3348	6130	3
3349	6132	2
3350	6133	2
3351	6134	4
3352	6135	2
3353	6136	3
3354	6137	2
3355	6138	4
3356	6139	3
3357	6141	6
3358	6142	2
3359	6143	3
3360	6144	6
3361	6146	2
3362	6147	2
3363	6152	3
3364	6154	2
3365	6155	2
3366	6156	2
3367	6157	3
3368	6158	6
3369	6159	2
3370	6160	2
3371	6161	4
3372	6164	3
3373	6165	4
3374	6166	7
3375	6167	2
3376	6168	3
3377	6169	4
3378	617	7
3379	6170	7
3380	6173	7
3381	6175	2
3382	6176	2
3383	6181	3
3384	6182	5
3385	6183	2
3386	6184	3
3387	6185	3
3388	6187	2
3389	6188	3
3390	6189	2
3391	6191	4
3392	6193	4
3393	6194	2
3394	6195	1
3395	6196	5
3396	6197	1
3397	6198	1
3398	6201	2
3399	6202	2
3400	6203	3
3401	6204	2
3402	6205	2
3403	6206	4
3404	6207	3
3405	6208	3
3406	6209	3
3407	6210	3
3408	6217	3
3409	6218	3
3410	6222	2
3411	6223	7
3412	6224	2
3413	6227	2
3414	6228	4
3415	6229	3
3416	6230	2
3417	6231	4
3418	6232	2
3419	6233	7
3420	6234	4
3421	6235	4
3422	6238	7
3423	6240	6
3424	6249	6
3425	6252	7
3426	6261	2
3427	6262	2
3428	6263	0
3429	6271	2
3430	6272	0
3431	6275	2
3432	6279	2
3433	6280	2
3434	6282	4
3435	6284	3
3436	6285	2
3437	6293	4
3438	6294	7
3439	6300	1
3440	6301	3
3441	63027	5
3442	6305	2
3443	6311	2
3444	6323	2
3445	6324	3
3446	6326	2
3447	6327	2
3448	6329	2
3449	633	4
3450	6334	3
3451	6335	2
3452	6336	2
3453	6341	0
3454	6342	7
3455	636	5
3456	63826	2
3457	6386	6
3458	63875	3
3459	6388	3
3460	6389	5
3461	63891	0
3462	63892	4
3463	63893	7
3464	63894	4
3465	63895	7
3466	63897	2
3467	6390	7
3468	63908	0
3469	6391	6
3470	63916	2
3471	63917	3
3472	63929	3
3473	6396	4
3474	63967	3
3475	63971	2
3476	63976	4
3477	6400	4
3478	64072	2
3479	64083	0
3480	64087	6
3481	641	2
3482	64101	4
3483	64121	7
3484	64130	1
3485	641371	3
3486	64147	4
3487	6416	1
3488	64168	4
3489	6418	2
3490	642	2
3491	6421	7
3492	64210	4
3493	64218	2
3494	64219	7
3495	64223	2
3496	64225	0
3497	6426	7
3498	6427	6
3499	6428	7
3500	64283	4
3501	64285	7
3502	6429	2
3503	642938	6
3504	642968	2
3505	6432	7
3506	64324	7
3507	6434	7
3508	64343	6
3509	643949	4
3510	64397	2
3511	64398	5
3512	644	2
3513	644150	2
3514	64419	4
3515	64422	3
3516	64423	3
3517	64432	0
3518	64434	7
3519	6444	2
3520	6447	3
3521	64478	3
3522	6449	2
3523	645	3
3524	6451	2
3525	6453	6
3526	6455	1
3527	6456	1
3528	6457	2
3529	64599	5
3530	64601	5
3531	64682	3
3532	646875	4
3533	6472	3
3534	64743	2
3535	64744	5
3536	64748	0
3537	64753	4
3538	64754	5
3539	64756	3
3540	64757	7
3541	64766	4
3542	64783	6
3543	64786	4
3544	64793	5
3545	64795	4
3546	64800	5
3547	64837	6
3548	64840	0
3549	64847	4
3550	64848	3
3551	64854	2
3552	64926	4
3553	6493	5
3554	6494	6
3555	64943	0
3556	64963	7
3557	64965	7
3558	64969	0
3559	64978	7
3560	6499	4
3561	6500	2
3562	65008	2
3563	65009	0
3564	6505	0
3565	65055	0
3566	65059	2
3567	6506	2
3568	6507	7
3569	65078	2
3570	6508	4
3571	65080	5
3572	65082	7
3573	65084	3
3574	6509	7
3575	65108	6
3576	65125	1
3577	6513	2
3578	6515	7
3579	6520	5
3580	6521	2
3581	65217	2
3582	65244	4
3583	65249	4
3584	6525	2
3585	65250	3
3586	6526	7
3587	65260	3
3588	65263	5
3589	65266	2
3590	65267	4
3591	65268	2
3592	6529	0
3593	6531	2
3594	653162	4
3595	6533	7
3596	6536	7
3597	6542	7
3598	654364	2
3599	654790	3
3600	6548	2
3601	6558	2
3602	6560	5
3603	6563	0
3604	6566	0
3605	657	2
3606	6575	7
3607	6576	2
3608	6594	7
3609	6597	2
3610	65982	4
3611	6599	2
3612	65991	3
3613	65992	3
3614	65993	7
3615	6601	2
3616	66036	4
3617	6604	2
3618	6611	4
3619	6613	2
3620	6616	2
3621	6620	2
3622	6621	7
3623	6622	2
3624	6623	3
3625	6624	3
3626	6627	5
3627	6632	3
3628	6634	3
3629	6638	2
3630	664	0
3631	6640	2
3632	6641	2
3633	6642	0
3634	6643	0
3635	6645	2
3636	6647	2
3637	6648	4
3638	6651	2
3639	6653	2
3640	6654	1
3641	6655	1
3642	667	2
3643	6678	3
3644	6683	3
3645	6687	4
3646	670	3
3647	6708	7
3648	6709	2
3649	6710	2
3650	6711	2
3651	6712	7
3652	6714	1
3653	6717	7
3654	672	7
3655	6723	5
3656	6726	6
3657	6727	6
3658	6729	4
3659	673	1
3660	6730	7
3661	6731	2
3662	6733	7
3663	6734	3
3664	6737	2
3665	6738	3
3666	6741	7
3667	6742	3
3668	6744	2
3669	6745	7
3670	6747	6
3671	6748	2
3672	675	7
3673	6764	4
3674	6767	2
3675	6768	7
3676	6772	1
3677	6774	2
3678	6776	1
3679	6778	2
3680	6786	3
3681	6792	2
3682	6793	7
3683	6794	1
3684	6801	1
3685	6804	0
3686	6810	0
3687	6812	1
3688	6813	0
3689	6814	2
3690	682	5
3691	6832	0
3692	6833	3
3693	6836	7
3694	6840	7
3695	6843	3
3696	6844	3
3697	6845	2
3698	6847	4
3699	6853	2
3700	6854	2
3701	6855	0
3702	6857	0
3703	6861	0
3704	6867	3
3705	6872	2
3706	6874	3
3707	6876	5
3708	6877	3
3709	6885	2
3710	6888	4
3711	6897	4
3712	6900	2
3713	6904	7
3714	6907	3
3715	6917	3
3716	6921	2
3717	6923	2
3718	6935	2
3719	6936	2
3720	6942	2
3721	6949	7
3722	6950	7
3723	6990	6
3724	70	7
3725	7001	1
3726	7011	3
3727	7018	3
3728	7019	0
3729	7024	6
3730	7037	3
3731	7038	0
3732	7052	2
3733	7053	6
3734	7054	5
3735	7057	2
3736	7064	2
3737	7074	1
3738	708	2
3739	7082	5
3740	7083	2
3741	7087	2
3742	7094	2
3743	71	2
3744	7102	0
3745	7108	4
3746	7109	0
3747	7110	5
3748	7111	2
3749	7112	7
3750	7114	4
3751	712	2
3752	7125	5
3753	713	3
3754	714	3
3755	7143	2
3756	7145	2
3757	7153	1
3758	7155	0
3759	7156	3
3760	7158	7
3761	7159	6
3762	7162	4
3763	7163	0
3764	7164	2
3765	7165	5
3766	7167	2
3767	7168	4
3768	7169	5
3769	7170	4
3770	7171	5
3771	7175	2
3772	7178	2
3773	718	2
3774	7184	2
3775	7187	4
3776	7203	2
3777	7204	2
3778	721	4
3779	722	2
3780	7222	2
3781	7223	4
3782	7224	5
3783	723790	2
3784	7247	4
3785	7248	6
3786	7249	2
3787	7251	6
3788	7257	4
3789	726	4
3790	7260	5
3791	7263	4
3792	7266	5
3793	7267	2
3794	727	0
3795	7276	2
3796	7277	3
3797	7280	2
3798	728116	5
3799	7283	5
3800	7284	0
3801	728621	4
3802	728953	4
3803	7290	7
3804	7295	2
3805	729708	4
3806	729993	4
3807	7301	6
3808	7311	7
3809	7314	2
3810	7316	7
3811	7317	7
3812	7321	7
3813	7322	7
3814	7323	7
3815	7332	2
3816	7334	7
3817	7335	2
3818	7336	2
3819	7337	2
3820	7342	4
3821	7343	2
3822	7345	2
3823	7347	7
3824	7357	0
3825	7360	2
3826	7368	3
3827	7372	2
3828	738	0
3829	7381	4
3830	7384	3
3831	7385	3
3832	7386	0
3833	7388	7
3834	7399	3
3835	740	7
3836	7402	2
3837	7407	2
3838	7410	2
3839	7411	5
3840	7412	2
3841	7414	2
3842	7415	2
3843	7416	7
3844	7417	7
3845	7419	3
3846	7422	2
3847	7430	2
3848	7431	6
3849	7447	4
3850	745	7
3851	7450	2
3852	7453	4
3853	7454	1
3854	7458	2
3855	7461	6
3856	7464	2
3857	7466	4
3858	747	0
3859	7486	2
3860	7511	2
3861	7514	3
3862	7515	2
3863	752	2
3864	7520	7
3865	7525	6
3866	7529	1
3867	7531	1
3868	7532	1
3869	7533	5
3870	7534	1
3871	7535	2
3872	7542	3
3873	7546	3
3874	757	0
3875	7586	3
3876	759	5
3877	760	7
3878	762	2
3879	767	5
3880	7706	2
3881	773	2
3882	7732	3
3883	774	2
3884	775	1
3885	7750	2
3886	777	2
3887	7779	0
3888	7781	0
3889	7786	2
3890	779	5
3891	7798	5
3892	7799	2
3893	7803	3
3894	780776	2
3895	781	2
3896	7812	2
3897	7813	7
3898	7818	0
3899	782	4
3900	783	2
3901	784	4
3902	7840	5
3903	7841	7
3904	7846	2
3905	785	4
3906	7857	2
3907	7871	6
3908	7873	5
3909	7874	7
3910	7879	4
3911	7881	4
3912	78987	3
3913	78999	4
3914	790	3
3915	79012	2
3916	79020	2
3917	79026	2
3918	79048	6
3919	7905	0
3920	79065	4
3921	79073	3
3922	79092	3
3923	79137	4
3924	79143	7
3925	7916	2
3926	7917	2
3927	79176	3
3928	79180	4
3929	79187	6
3930	79188	0
3931	7919	2
3932	7920	0
3933	7922	4
3934	7923	7
3935	793	4
3936	79442	4
3937	79443	2
3938	79567	4
3939	79571	6
3940	79572	7
3941	79577	2
3942	79585	2
3943	79594	2
3944	79598	5
3945	79633	3
3946	79634	4
3947	79640	5
3948	79641	4
3949	79643	7
3950	7965	6
3951	79674	2
3952	79684	4
3953	79697	4
3954	79699	3
3955	79705	2
3956	79707	4
3957	79711	5
3958	79718	6
3959	79720	4
3960	79735	7
3961	79747	2
3962	79763	4
3963	79776	3
3964	79784	3
3965	79789	7
3966	79791	2
3967	79811	4
3968	79813	3
3969	79832	0
3970	79834	2
3971	79837	3
3972	79843	4
3973	79848	5
3974	79861	4
3975	79870	4
3976	79874	5
3977	79876	4
3978	79884	6
3979	79885	4
3980	79896	0
3981	79901	0
3982	7991	4
3983	79915	2
3984	79925	4
3985	7994	2
3986	79948	4
3987	79959	6
3988	79969	3
3989	800	5
3990	80000	4
3991	80003	4
3992	80005	7
3993	8001	7
3994	80014	4
3995	80017	5
3996	80028	4
3997	80059	2
3998	801	1
3999	80124	6
4000	80128	2
4001	80131	4
4002	80142	2
4003	80144	2
4004	80150	4
4005	80155	6
4006	80164	4
4007	80184	5
4008	80196	4
4009	80201	3
4010	80206	4
4011	80207	5
4012	80208	2
4013	80212	6
4014	80216	2
4015	80221	0
4016	80222	0
4017	80223	2
4018	80224	7
4019	80232	3
4020	80243	3
4021	80262	6
4022	8027	2
4023	80279	7
4024	8029	3
4025	80298	0
4026	8030	5
4027	80303	7
4028	80315	4
4029	80331	1
4030	80333	3
4031	80342	3
4032	80347	2
4033	8036	3
4034	80380	0
4035	8050	0
4036	8065	2
4037	80700	7
4038	80724	4
4039	80725	4
4040	80727	2
4041	80728	4
4042	80731	3
4043	80755	5
4044	80777	3
4045	8078	2
4046	80781	3
4047	8079	5
4048	808	1
4049	80820	4
4050	8085	3
4051	80851	6
4052	80852	2
4053	80854	2
4054	80856	7
4055	8087	7
4056	81	1
4057	810	6
4058	81027	5
4059	81037	7
4060	811	2
4061	8120	2
4062	8125	2
4063	813	3
4064	814	2
4065	8140	5
4066	8148	7
4067	81488	6
4068	81490	0
4069	815	1
4070	81532	4
4071	81533	4
4072	81539	5
4073	81542	0
4074	81550	6
4075	81563	7
4076	81565	6
4077	81567	3
4078	81570	3
4079	816	6
4080	81609	7
4081	81611	7
4082	81617	3
4083	81618	7
4084	81624	5
4085	81628	6
4086	81631	2
4087	8165	3
4088	81689	7
4089	817	6
4090	81704	5
4091	8175	2
4092	818	1
4093	81832	2
4094	81839	5
4095	81846	2
4096	81855	3
4097	81873	6
4098	81876	6
4099	81892	4
4100	81929	0
4101	8202	7
4102	8204	2
4103	8209	7
4104	821	0
4105	8216	7
4106	8224	5
4107	823	2
4108	8237	7
4109	8239	4
4110	824	2
4111	8243	7
4112	826	2
4113	8266	3
4114	8284	4
4115	8288	2
4116	829	5
4117	8291	2
4118	8294	7
4119	8295	3
4120	830	6
4121	8301	2
4122	8314	2
4123	8317	4
4124	832	7
4125	833	4
4126	8331	7
4127	8338	7
4128	8339	7
4129	83394	4
4130	8340	7
4131	8341	7
4132	8342	7
4133	83442	2
4134	83447	4
4135	83449	4
4136	8345	7
4137	83451	5
4138	83452	4
4139	8346	3
4140	83473	4
4141	83478	2
4142	83481	6
4143	8349	7
4144	8350	7
4145	83547	5
4146	83548	5
4147	8359	7
4148	83595	4
4149	83604	2
4150	83605	2
4151	8362	7
4152	83657	4
4153	83658	5
4154	83660	2
4155	8368	7
4156	83692	3
4157	83696	3
4158	8370	7
4159	83700	7
4160	83715	2
4161	83733	2
4162	83737	1
4163	83752	7
4164	8379	4
4165	83858	3
4166	83889	3
4167	83892	2
4168	83939	7
4169	8394	7
4170	8396	4
4171	8398	5
4172	83988	4
4173	83990	2
4174	83992	4
4175	8402	6
4176	84033	2
4177	8404	2
4178	8407	3
4179	8408	2
4180	84100	0
4181	8411	2
4182	84124	4
4183	84125	0
4184	84129	7
4185	84134	4
4186	84141	4
4187	84152	4
4188	84162	7
4189	8417	3
4190	84171	2
4191	84172	2
4192	84215	5
4193	8425	2
4194	84250	2
4195	84251	3
4196	84254	2
4197	84258	2
4198	84260	4
4199	84263	2
4200	84274	7
4201	8428	2
4202	84284	3
4203	84293	7
4204	84299	5
4205	84300	7
4206	84303	0
4207	84305	2
4208	84312	4
4209	84313	5
4210	84340	5
4211	84364	3
4212	84376	5
4213	8440	1
4214	8443	7
4215	84433	1
4216	84435	2
4217	84445	6
4218	84446	2
4219	84448	0
4220	84450	3
4221	84451	3
4222	84457	4
4223	84461	6
4224	8448	2
4225	8450	7
4226	84502	3
4227	8451	7
4228	84516	6
4229	8452	2
4230	84524	4
4231	8453	2
4232	84532	7
4233	8454	2
4234	8455	2
4235	84557	7
4236	84617	4
4237	84623	4
4238	84628	2
4239	84629	3
4240	84630	2
4241	84631	7
4242	84643	3
4243	84656	2
4244	84665	5
4245	84668	7
4246	8467	2
4247	84678	2
4248	84681	2
4249	84687	7
4250	847	2
4251	8470	1
4252	84717	7
4253	84726	6
4254	8473	3
4255	84749	3
4256	8476	7
4257	8479	2
4258	84790	6
4259	8480	0
4260	8481	5
4261	84816	2
4262	8482	2
4263	84823	4
4264	84833	4
4265	84864	4
4266	84866	5
4267	84867	0
4268	84886	5
4269	84894	5
4270	84896	3
4271	84908	3
4272	8491	5
4273	84910	4
4274	84932	5
4275	84940	2
4276	84948	4
4277	8495	2
4278	84952	2
4279	84959	6
4280	84962	5
4281	84966	2
4282	8497	2
4283	8499	2
4284	84991	4
4285	8500	2
4286	8502	6
4287	8504	3
4288	8506	2
4289	8508	7
4290	8514	2
4291	8518	7
4292	8520	7
4293	8522	2
4294	85235	7
4295	85236	7
4296	8525	2
4297	8526	4
4298	85300	3
4299	8533	2
4300	85358	1
4301	8536	2
4302	85365	2
4303	85369	2
4304	8537	4
4305	85376	4
4306	85379	5
4307	8539	7
4308	85397	5
4309	8540	7
4310	8541	2
4311	85417	5
4312	85439	7
4313	85440	7
4314	85441	4
4315	85442	0
4316	85444	4
4317	85445	2
4318	85452	4
4319	85456	7
4320	85458	4
4321	85459	6
4322	8546	7
4323	85461	5
4324	85464	2
4325	85476	0
4326	85477	7
4327	8562	4
4328	8565	5
4329	8567	2
4330	8570	7
4331	8573	1
4332	8574	4
4333	8575	2
4334	8577	2
4335	85865	5
4336	8601	5
4337	8604	3
4338	8607	6
4339	8613	7
4340	8615	5
4341	8618	4
4342	8621	2
4343	8623	4
4344	8632	3
4345	8647	4
4346	8650	2
4347	8653	6
4348	8655	6
4349	8658	2
4350	8659	7
4351	8661	2
4352	8662	4
4353	8663	4
4354	8664	4
4355	8665	2
4356	8666	5
4357	8667	2
4358	8668	4
4359	8669	3
4360	867	1
4361	8671	2
4362	8672	7
4363	8674	3
4364	8675	0
4365	8678	1
4366	8682	2
4367	8689	4
4368	869	2
4369	87	2
4370	871	3
4371	87178	7
4372	8723	0
4373	8724	2
4374	873	4
4375	8731	3
4376	8736	5
4377	874	4
4378	8745	2
4379	8754	1
4380	8760	3
4381	8761	7
4382	8766	0
4383	8767	4
4384	8773	3
4385	8774	2
4386	8775	0
4387	8776	7
4388	8777	2
4389	8785	5
4390	8787	3
4391	8799	7
4392	88	2
4393	8801	7
4394	8802	0
4395	8803	0
4396	8813	2
4397	8815	0
4398	8825	2
4399	8826	2
4400	8828	2
4401	8829	1
4402	8831	2
4403	8834	0
4404	8841	7
4405	8842	7
4406	8844	1
4407	8851	2
4408	8853	1
4409	8861	3
4410	8867	1
4411	8871	1
4412	8874	1
4413	8878	2
4414	8879	0
4415	8880	2
4416	8883	2
4417	8887	6
4418	8888	2
4419	889	2
4420	8890	4
4421	8891	0
4422	8892	3
4423	8893	3
4424	8894	3
4425	8895	5
4426	8897	4
4427	8898	3
4428	8899	4
4429	89	4
4430	8904	2
4431	8907	4
4432	8913	2
4433	8914	0
4434	8924	6
4435	8926	2
4436	8933	3
4437	8936	2
4438	8938	2
4439	8940	3
4440	8943	3
4441	8968	7
4442	8975	3
4443	8976	1
4444	89792	0
4445	89795	4
4446	89796	6
4447	89853	2
4448	8986	2
4449	8991	4
4450	89910	2
4451	89941	3
4452	8996	5
4453	8997	2
4454	89970	3
4455	90	3
4456	9001	6
4457	901	5
4458	90102	7
4459	90134	2
4460	90167	7
4461	9024	2
4462	90249	5
4463	9026	4
4464	9028	0
4465	9031	7
4466	90362	6
4467	90381	3
4468	9039	2
4469	9040	2
4470	90423	4
4471	9043	2
4472	9045	2
4473	9049	2
4474	90523	0
4475	9053	5
4476	9054	2
4477	90550	6
4478	90580	2
4479	90627	2
4480	9064	2
4481	9066	7
4482	90678	2
4483	9069	4
4484	90701	0
4485	9071	3
4486	9079	4
4487	908	7
4488	90850	6
4489	9092	7
4490	9093	7
4491	90957	5
4492	9097	2
4493	90990	2
4494	91	2
4495	9100	6
4496	9101	7
4497	91010	2
4498	9108	5
4499	9110	2
4500	91137	0
4501	9114	4
4502	91156	4
4503	9118	5
4504	9119	4
4505	9126	6
4506	9131	0
4507	9135	6
4508	9138	2
4509	91404	5
4510	9141	7
4511	9143	0
4512	9145	0
4513	91452	3
4514	9146	4
4515	91526	6
4516	9158	2
4517	9162	3
4518	91663	0
4519	91683	0
4520	91754	2
4521	91782	7
4522	9181	5
4523	91833	7
4524	9184	3
4525	9185	2
4526	9196	2
4527	91978	5
4528	9201	5
4529	9203	2
4530	9208	3
4531	9209	3
4532	9211	2
4533	92140	7
4534	9217	3
4535	9218	3
4536	9223	1
4537	92255	4
4538	92259	3
4539	9228	1
4540	9229	1
4541	9230	5
4542	9231	5
4543	9238	0
4544	92399	0
4545	92521	7
4546	9253	7
4547	9255	5
4548	9256	2
4549	9260	4
4550	92609	2
4551	9265	4
4552	9266	2
4553	9267	2
4554	92675	7
4555	92737	5
4556	9276	7
4557	9278	5
4558	92815	3
4559	9283	0
4560	9296	3
4561	9312	2
4562	93145	2
4563	9318	2
4564	93185	2
4565	9320	2
4566	9321	7
4567	9324	2
4568	93377	2
4569	93380	0
4570	9341	3
4571	9342	3
4572	9343	3
4573	9344	4
4574	9349	2
4575	9351	2
4576	9352	7
4577	9353	2
4578	9354	3
4579	9361	5
4580	9362	2
4581	93643	7
4582	93664	2
4583	9367	0
4584	9368	2
4585	9369	2
4586	9371	4
4587	9373	3
4588	9377	3
4589	9378	2
4590	9379	2
4591	9380	4
4592	9391	0
4593	9397	3
4594	93974	3
4595	93986	5
4596	94005	5
4597	9401	3
4598	94030	3
4599	94081	0
4600	94097	0
4601	94104	4
4602	9411	6
4603	94121	4
4604	94134	2
4605	94137	2
4606	9414	5
4607	9415	5
4608	94160	3
4609	94239	3
4610	94274	2
4611	9439	2
4612	9444	7
4613	9445	2
4614	9446	2
4615	9448	2
4616	9454	4
4617	9455	4
4618	9456	1
4619	9459	2
4620	9462	5
4621	9463	6
4622	9465	5
4623	9467	4
4624	9470	6
4625	9472	2
4626	9475	7
4627	9478	4
4628	9479	2
4629	9482	3
4630	9493	2
4631	9495	7
4632	9497	2
4633	9498	7
4634	95	5
4635	950	0
4636	9500	6
4637	9513	6
4638	9515	0
4639	952	2
4640	9520	2
4641	9521	3
4642	9522	0
4643	9524	3
4644	9525	2
4645	9527	6
4646	9529	3
4647	9531	2
4648	9532	5
4649	9535	4
4650	9537	7
4651	954	0
4652	9545	5
4653	9550	5
4654	9551	5
4655	9554	3
4656	9555	7
4657	9556	0
4658	9559	7
4659	9567	6
4660	9568	2
4661	9570	3
4662	9578	7
4663	9581	7
4664	9584	2
4665	9585	2
4666	9588	2
4667	9590	3
4668	9600	2
4669	9601	3
4670	9605	4
4671	961	2
4672	9610	2
4673	9611	7
4674	9612	2
4675	9620	2
4676	9625	1
4677	9628	3
4678	9631	3
4679	9632	5
4680	9638	2
4681	9640	2
4682	9644	2
4683	9647	2
4684	9648	4
4685	9651	3
4686	9652	4
4687	9657	6
4688	9658	3
4689	9659	6
4690	966	2
4691	9662	5
4692	9666	7
4693	9667	2
4694	9669	2
4695	9672	4
4696	9683	2
4697	9685	6
4698	9687	7
4699	9689	4
4700	9690	6
4701	9693	2
4702	9694	3
4703	9696	3
4704	9699	2
4705	9700	2
4706	9701	5
4707	9703	5
4708	9706	4
4709	9722	2
4710	9731	5
4711	9732	2
4712	9733	7
4713	9735	4
4714	9736	3
4715	9737	5
4716	9738	5
4717	9743	1
4718	9745	3
4719	9747	5
4720	9748	7
4721	975	3
4722	9751	4
4723	9753	4
4724	9754	2
4725	9755	5
4726	9757	2
4727	9758	2
4728	9759	6
4729	9761	6
4730	9762	6
4731	9765	7
4732	9771	2
4733	9772	7
4734	9774	7
4735	9775	5
4736	9779	7
4737	9780	4
4738	9781	2
4739	9782	7
4740	9783	5
4741	9784	2
4742	9786	6
4743	9787	5
4744	9788	4
4745	9789	5
4746	9793	5
4747	9796	2
4748	9798	3
4749	9801	7
4750	9804	0
4751	9806	3
4752	9810	2
4753	9811	6
4754	9815	2
4755	9817	2
4756	9820	2
4757	9821	2
4758	9824	3
4759	9825	6
4760	9826	1
4761	9828	3
4762	9829	3
4763	9832	4
4764	9839	4
4765	9842	7
4766	9844	2
4767	9847	4
4768	9849	2
4769	9851	5
4770	9852	4
4771	9853	1
4772	9854	3
4773	9856	2
4774	9858	2
4775	9859	5
4776	9861	3
4777	9863	1
4778	9868	3
4779	987	2
4780	9870	2
4781	9875	4
4782	9879	7
4783	988	6
4784	989	5
4785	9891	2
4786	9892	2
4787	9897	5
4788	9898	5
4789	9900	2
4790	9901	2
4791	9908	4
4792	9910	0
4793	9911	2
4794	9912	2
4795	9914	0
4796	9917	0
4797	9919	3
4798	9922	2
4799	9927	4
4800	9931	2
4801	9943	2
4802	9946	3
4803	9948	2
4804	9950	6
4805	9958	7
4806	9961	2
4807	9962	7
4808	9967	2
4809	9968	2
4810	9969	3
4811	9972	7
4812	9978	2
4813	998	1
4814	9984	5
4815	9987	7
4816	9990	2
